"Geolocation","Commodity","2020 January","2020 February","2020 March","2020 April","2020 May","2020 June","2020 July","2020 August","2020 September","2020 October","2020 November","2020 December","2021 January","2021 February","2021 March","2021 April","2021 May","2021 June","2021 July","2021 August","2021 September","2021 October","2021 November","2021 December","2022 January","2022 February","2022 March","2022 April","2022 May","2022 June","2022 July","2022 August","2022 September","2022 October","2022 November","2022 December","2023 January","2023 February","2023 March","2023 April","2023 May","2023 June","2023 July","2023 August","2023 September","2023 October","2023 November","2023 December","2024 January","2024 February","2024 March","2024 April","2024 May","2024 June","2024 July","2024 August","2024 September","2024 October","2024 November","2024 December"
"..Cordillera Administrative Region (CAR)","RICE, WELL-MILLED, 1 KG",41.22,41.06,40.73,41.39,40.73,41.78,42.24,42.70,43.13,43.05,42.92,42.84,42.54,42.18,42.65,42.84,42.87,42.70,42.90,43.15,43.18,43.23,43.34,43.56,43.72,43.55,43.42,43.74,43.74,43.75,43.35,43.41,43.53,43.70,43.75,43.89,43.79,44.16,44.70,44.87,44.90,44.83,45.02,46.01,50.66,50.27,50.70,52.46,53.26,54.81,55.44,55.36,55.58,55.31,55.18,55.16,55.85,55.92,55.38,55.52
"..Cordillera Administrative Region (CAR)","RICE, REGULAR-MILLED, 1 KG",38.92,38.58,38.10,38.47,38.27,38.34,38.43,38.43,38.48,38.17,38.11,37.88,37.63,37.32,37.61,37.86,38.49,38.12,38.36,38.55,38.58,38.55,38.37,38.50,38.48,38.83,38.96,39.10,39.36,39.30,39.23,39.37,39.31,39.57,39.46,39.42,39.29,39.98,40.20,40.47,40.31,40.50,40.69,41.59,44.37,44.22,45.28,46.87,48.19,49.71,50.40,50.20,50.12,49.77,49.66,49.76,49.91,50.14,49.64,49.36
"..Cordillera Administrative Region (CAR)","RICE, SPECIAL, 1 KG",48.77,48.47,48.28,48.63,48.25,48.01,47.84,47.87,48.29,48.17,47.95,47.66,47.82,47.54,47.61,47.87,47.57,47.70,47.93,48.11,47.89,47.86,47.71,47.49,47.84,47.82,47.95,48.36,48.67,49.08,49.47,49.51,49.59,49.54,49.51,49.75,49.52,49.23,49.46,49.65,50.05,50.47,50.75,51.20,55.08,55.81,56.36,59.09,60.10,61.11,61.11,60.69,61.24,62.06,61.33,60.52,60.77,60.66,60.85,62.15
"..Cordillera Administrative Region (CAR)","CORN GRITS, CORN NATIVE, 1 KG",..,..,..,..,..,..,..,..,..,..,..,..,..,..,..,..,..,..,..,..,..,..,..,..,..,..,..,..,..,..,..,..,..,..,..,..,..,..,..,..,..,..,..,..,..,..,..,..,..,..,..,..,..,..,..,..,..,..,..,..
"..Cordillera Administrative Region (CAR)","CORN GRITS, LOOSE, 1 KG",..,..,..,..,..,..,..,..,..,..,..,..,..,..,..,..,..,..,..,..,..,..,..,..,..,..,..,..,..,..,..,..,..,..,..,..,..,..,..,..,..,..,..,..,..,..,..,..,..,..,..,..,..,..,..,..,..,..,..,..
"..Cordillera Administrative Region (CAR)","CORN GRITS, WHITE, #10, 1 KG",..,..,..,..,..,..,..,..,..,..,..,..,..,..,..,..,..,..,..,..,..,..,..,..,..,..,..,..,..,..,..,..,..,..,..,..,..,..,..,..,..,..,..,..,..,..,..,..,..,..,..,..,..,..,..,..,..,..,..,..
"..Cordillera Administrative Region (CAR)","CORN GRITS, WHITE, #12, 1 KG",..,..,..,..,..,..,..,..,..,..,..,..,..,..,..,..,..,..,..,..,..,..,..,..,..,..,..,..,..,..,..,..,..,..,..,..,..,..,..,..,..,..,..,..,..,..,..,..,..,..,..,..,..,..,..,..,..,..,..,..
"..Cordillera Administrative Region (CAR)","CORN GRITS, WHITE, 1 KG",..,..,..,..,..,..,..,..,..,..,..,..,..,..,..,..,..,..,..,..,..,..,..,..,..,..,..,..,..,..,..,..,..,..,..,..,..,..,..,..,..,..,..,..,..,..,..,..,..,..,..,..,..,..,..,..,..,..,..,..
"..Cordillera Administrative Region (CAR)","CORN GRITS, YELLOW, 1 KG",..,..,..,..,..,..,..,..,..,..,..,..,..,..,..,..,..,..,..,..,..,..,..,..,..,..,..,..,..,..,..,..,..,..,..,..,..,..,..,..,..,..,..,..,..,..,..,..,..,..,..,..,..,..,..,..,..,..,..,..
"..Cordillera Administrative Region (CAR)","CORN, CRACKED, 1 KG",..,..,..,..,..,..,..,..,..,..,..,..,..,..,..,..,..,..,..,..,..,..,..,..,..,..,..,..,..,..,..,..,..,..,..,..,..,..,..,..,..,..,..,..,..,..,..,..,..,..,..,..,..,..,..,..,..,..,..,..
"..Cordillera Administrative Region (CAR)","WHOLE CORN GRAIN, YELLOW, 1 KG",21.43,21.43,21.43,21.43,21.43,21.43,21.86,21.86,21.86,22.29,23.00,23.14,23.00,23.00,23.00,23.00,22.86,23.00,23.00,23.00,23.00,23.00,23.00,23.00,23.00,23.17,23.50,24.00,24.67,25.00,24.33,24.33,24.33,24.50,24.67,25.33,25.33,25.33,26.17,27.00,26.83,26.67,26.50,26.50,26.50,26.50,26.50,26.33,26.33,26.83,26.57,26.43,26.57,26.57,26.71,26.14,25.71,25.71,24.00,24.00
"..Cordillera Administrative Region (CAR)","WHOLE CORN ON THE COB, NATIVE, 1 KG",..,..,..,..,..,..,..,..,..,..,..,..,..,..,..,..,..,..,..,..,..,..,..,..,..,..,..,..,..,..,..,..,..,..,..,..,..,..,..,..,..,..,..,..,..,..,..,..,..,..,..,..,..,..,..,..,..,..,..,..
"..Cordillera Administrative Region (CAR)","WHOLE CORN ON THE COB, SWEET CORN, 1 KG",35.39,35.78,35.26,34.27,34.10,34.24,34.49,34.25,33.85,33.62,33.67,35.31,35.93,35.70,35.37,35.65,35.14,34.01,35.25,39.80,40.50,41.33,41.83,41.83,42.33,42.67,43.33,43.00,41.07,40.20,41.87,41.03,39.53,37.53,48.37,45.87,47.83,50.42,53.63,53.27,56.13,59.40,58.15,62.33,58.44,60.38,57.17,56.42,56.00,59.48,58.92,58.78,59.54,56.21,55.19,55.33,51.00,51.17,55.00,56.33
"..Cordillera Administrative Region (CAR)","WHOLE CORN ON THE COB, WHITE, 1 KG",..,..,..,..,..,..,..,..,..,..,..,..,..,..,..,..,..,..,..,..,..,..,..,..,..,..,..,..,..,..,..,..,..,..,..,..,..,..,..,..,..,..,..,..,..,..,..,..,..,..,..,..,..,..,..,..,..,..,..,..
"..Cordillera Administrative Region (CAR)","WHOLE CORN ON THE COB, YELLOW, 1 KG",..,..,..,..,..,..,..,..,..,..,..,..,..,..,..,..,..,..,..,..,..,..,..,..,..,..,..,..,..,..,..,..,..,..,..,..,..,..,..,..,..,..,..,..,..,..,..,..,..,..,..,..,..,..,..,..,..,..,..,..
"..REGION I (ILOCOS REGION)","RICE, WELL-MILLED, 1 KG",41.20,41.14,40.99,41.64,41.19,41.60,41.69,41.76,41.66,41.32,41.38,41.51,40.61,41.20,40.98,40.87,41.50,41.85,41.71,41.55,41.41,40.89,40.42,40.33,40.38,40.46,40.58,40.24,40.31,40.12,40.16,40.41,40.52,40.72,40.90,40.91,40.93,41.01,41.06,41.17,41.40,41.48,41.76,46.50,48.82,46.28,47.13,49.22,51.67,52.56,52.81,53.69,53.29,52.47,52.45,52.43,51.92,51.99,51.39,50.75
"..REGION I (ILOCOS REGION)","RICE, REGULAR-MILLED, 1 KG",36.54,36.06,36.25,36.32,36.40,36.55,36.68,36.54,36.50,36.23,36.30,36.41,35.70,36.27,36.10,36.46,36.08,35.73,36.04,36.77,37.17,36.72,36.66,36.46,36.04,36.19,36.46,36.61,36.54,36.68,36.61,36.75,37.02,37.13,37.23,37.17,37.24,37.22,37.36,37.34,37.61,37.75,37.88,43.72,44.82,42.43,43.31,44.99,47.17,48.06,48.55,49.06,48.44,48.59,47.87,47.94,47.47,47.24,47.04,46.59
"..REGION I (ILOCOS REGION)","RICE, SPECIAL, 1 KG",51.18,50.94,50.34,50.67,50.67,50.76,50.73,50.60,50.13,50.13,50.33,50.10,50.67,50.85,51.22,51.16,51.37,51.68,51.21,51.26,51.49,51.33,50.72,50.75,50.74,50.85,50.82,50.63,50.46,50.25,50.09,51.04,51.15,51.38,51.13,51.89,51.46,51.38,51.36,51.51,52.01,52.09,52.21,54.49,57.66,57.10,57.50,58.94,60.17,60.60,61.38,61.68,62.15,62.70,62.57,61.77,61.67,61.77,60.35,59.08
"..REGION I (ILOCOS REGION)","CORN GRITS, CORN NATIVE, 1 KG",..,..,..,..,..,..,..,..,..,..,..,..,..,..,..,..,..,..,..,..,..,..,..,..,..,..,..,..,..,..,..,..,..,..,..,..,..,..,..,..,..,..,..,..,..,..,..,..,..,..,..,..,..,..,..,..,..,..,..,..
"..REGION I (ILOCOS REGION)","CORN GRITS, LOOSE, 1 KG",..,..,..,..,..,..,..,..,..,..,..,..,..,..,..,..,..,..,..,..,..,..,..,..,..,..,..,..,..,..,..,..,..,..,..,..,..,..,..,..,..,..,..,..,..,..,..,..,..,..,..,..,..,..,..,..,..,..,..,..
"..REGION I (ILOCOS REGION)","CORN GRITS, WHITE, #10, 1 KG",..,..,..,..,..,..,..,..,..,..,..,..,..,..,..,..,..,..,..,..,..,..,..,..,..,..,..,..,..,..,..,..,..,..,..,..,..,..,..,..,..,..,..,..,..,..,..,..,..,..,..,..,..,..,..,..,..,..,..,..
"..REGION I (ILOCOS REGION)","CORN GRITS, WHITE, #12, 1 KG",..,..,..,..,..,..,..,..,..,..,..,..,..,..,..,..,..,..,..,..,..,..,..,..,..,..,..,..,..,..,..,..,..,..,..,..,..,..,..,..,..,..,..,..,..,..,..,..,..,..,..,..,..,..,..,..,..,..,..,..
"..REGION I (ILOCOS REGION)","CORN GRITS, WHITE, 1 KG",..,..,..,..,..,..,..,..,..,..,..,..,..,..,..,..,..,..,..,..,..,..,..,..,..,..,..,..,..,..,..,..,..,..,..,..,..,..,..,..,..,..,..,..,..,..,..,..,..,..,..,..,..,..,..,..,..,..,..,..
"..REGION I (ILOCOS REGION)","CORN GRITS, YELLOW, 1 KG",..,..,..,..,..,..,..,..,..,..,..,..,..,..,..,..,..,..,..,..,..,..,..,..,..,..,..,..,..,..,..,..,..,..,..,..,..,..,..,..,..,..,..,..,..,..,..,..,..,..,..,..,..,..,..,..,..,..,..,..
"..REGION I (ILOCOS REGION)","CORN, CRACKED, 1 KG",..,..,..,..,..,..,..,..,..,..,..,..,..,..,..,..,..,..,..,..,..,..,..,..,..,..,..,..,..,..,..,..,..,..,..,..,..,..,..,..,..,..,..,..,..,..,..,..,..,..,..,..,..,..,..,..,..,..,..,..
"..REGION I (ILOCOS REGION)","WHOLE CORN GRAIN, YELLOW, 1 KG",..,..,..,..,..,..,..,..,..,..,..,..,..,..,..,..,..,..,..,..,..,..,..,..,..,..,..,..,..,..,..,..,..,..,..,..,..,..,..,..,..,..,..,..,..,..,..,..,..,..,..,..,..,..,..,..,..,..,..,..
"..REGION I (ILOCOS REGION)","WHOLE CORN ON THE COB, NATIVE, 1 KG",..,..,..,..,..,..,..,..,..,..,..,..,..,..,..,..,..,..,..,..,..,..,..,..,..,..,..,..,..,..,..,..,..,..,..,..,..,..,..,..,..,..,..,..,..,..,..,..,..,..,..,..,..,..,..,..,..,..,..,..
"..REGION I (ILOCOS REGION)","WHOLE CORN ON THE COB, SWEET CORN, 1 KG",32.73,34.30,34.85,34.26,34.97,36.30,36.30,36.55,35.87,36.55,36.55,36.61,36.67,37.71,35.82,36.37,36.25,36.25,36.07,36.82,36.82,36.82,38.13,39.38,39.38,39.51,39.19,38.57,38.57,38.57,39.38,39.07,39.53,39.03,39.57,39.88,40.19,39.57,39.57,39.19,38.26,38.26,38.26,38.88,38.88,38.88,38.88,40.88,38.88,39.44,39.82,42.63,42.88,43.07,40.51,41.32,43.38,44.32,45.69,45.94
"..REGION I (ILOCOS REGION)","WHOLE CORN ON THE COB, WHITE, 1 KG",..,..,..,..,..,..,..,..,..,..,..,..,..,..,..,..,..,..,..,..,..,..,..,..,..,..,..,..,..,..,..,..,..,..,..,..,..,..,..,..,..,..,..,..,..,..,..,..,..,..,..,..,..,..,..,..,..,..,..,..
"..REGION I (ILOCOS REGION)","WHOLE CORN ON THE COB, YELLOW, 1 KG",..,..,..,..,..,..,..,..,..,..,..,..,..,..,..,..,..,..,..,..,..,..,..,..,..,..,..,..,..,..,..,..,..,..,..,..,..,..,..,..,..,..,..,..,..,..,..,..,..,..,..,..,..,..,..,..,..,..,..,..
"..REGION II (CAGAYAN VALLEY)","RICE, WELL-MILLED, 1 KG",43.68,43.95,44.73,45.17,45.08,44.95,45.21,45.15,45.07,44.84,44.81,45.19,45.07,45.47,44.86,44.84,44.65,44.46,44.83,44.60,44.72,45.05,44.51,44.42,44.44,44.92,44.99,44.51,44.08,44.08,44.07,44.19,44.33,44.78,44.94,45.08,44.94,45.56,45.54,46.10,46.43,46.40,47.00,49.19,52.96,51.09,52.93,54.73,56.19,56.85,56.61,57.04,56.64,56.64,56.04,55.75,55.29,54.68,53.79,53.07
"..REGION II (CAGAYAN VALLEY)","RICE, REGULAR-MILLED, 1 KG",34.52,33.94,34.09,35.05,34.89,34.79,35.55,35.61,35.77,35.71,35.63,35.95,36.17,36.01,35.65,35.66,35.32,35.08,35.02,35.12,35.53,35.70,35.08,34.98,35.17,35.40,35.48,35.62,35.65,35.15,35.38,35.46,35.57,35.65,35.68,35.84,35.80,36.44,36.86,36.96,37.03,37.58,37.54,39.58,43.87,41.78,44.11,46.34,47.47,48.15,47.83,48.47,48.12,47.89,47.59,47.03,47.06,46.71,45.09,44.64
"..REGION II (CAGAYAN VALLEY)","RICE, SPECIAL, 1 KG",51.63,51.50,51.52,51.32,51.39,51.26,51.85,51.88,52.05,52.09,51.86,51.89,52.51,53.08,53.40,53.58,53.50,53.38,53.52,53.44,53.43,53.51,52.89,52.76,53.29,53.28,53.22,52.91,52.76,52.92,52.98,52.83,53.02,53.04,53.18,53.41,52.73,53.43,53.90,54.29,54.23,54.64,55.41,56.39,59.29,58.78,59.70,61.88,62.55,63.44,63.10,62.77,62.64,62.87,62.62,62.19,62.06,61.72,61.12,60.71
"..REGION II (CAGAYAN VALLEY)","CORN GRITS, CORN NATIVE, 1 KG",..,..,..,..,..,..,..,..,..,..,..,..,..,..,..,..,..,..,..,..,..,..,..,..,..,..,..,..,..,..,..,..,..,..,..,..,..,..,..,..,..,..,..,..,..,..,..,..,..,..,..,..,..,..,..,..,..,..,..,..
"..REGION II (CAGAYAN VALLEY)","CORN GRITS, LOOSE, 1 KG",..,..,..,..,..,..,..,..,..,..,..,..,..,..,..,..,..,..,..,..,..,..,..,..,..,..,..,..,..,..,..,..,..,..,..,..,..,..,..,..,..,..,..,..,..,..,..,..,..,..,..,..,..,..,..,..,..,..,..,..
"..REGION II (CAGAYAN VALLEY)","CORN GRITS, WHITE, #10, 1 KG",..,..,..,..,..,..,..,..,..,..,..,..,..,..,..,..,..,..,..,..,..,..,..,..,..,..,..,..,..,..,..,..,..,..,..,..,..,..,..,..,..,..,..,..,..,..,..,..,..,..,..,..,..,..,..,..,..,..,..,..
"..REGION II (CAGAYAN VALLEY)","CORN GRITS, WHITE, #12, 1 KG",..,..,..,..,..,..,..,..,..,..,..,..,..,..,..,..,..,..,..,..,..,..,..,..,..,..,..,..,..,..,..,..,..,..,..,..,..,..,..,..,..,..,..,..,..,..,..,..,..,..,..,..,..,..,..,..,..,..,..,..
"..REGION II (CAGAYAN VALLEY)","CORN GRITS, WHITE, 1 KG",..,..,..,..,..,..,..,..,..,..,..,..,..,..,..,..,..,..,..,..,..,..,..,..,..,..,..,..,..,..,..,..,..,..,..,..,..,..,..,..,..,..,..,..,..,..,..,..,..,..,..,..,..,..,..,..,..,..,..,..
"..REGION II (CAGAYAN VALLEY)","CORN GRITS, YELLOW, 1 KG",23.44,23.88,23.44,23.07,23.51,23.51,23.38,23.51,23.51,23.51,23.44,23.51,23.51,23.69,23.69,23.69,23.60,23.63,23.76,24.32,25.94,25.63,25.38,25.44,25.22,25.57,25.69,26.57,27.82,27.57,27.76,28.57,28.82,28.82,28.88,29.13,29.25,29.44,29.51,29.88,30.13,29.88,30.13,30.00,30.00,29.44,29.13,29.32,29.50,29.38,28.82,28.75,29.38,29.25,29.00,29.25,29.82,29.63,29.01,28.94
"..REGION II (CAGAYAN VALLEY)","CORN, CRACKED, 1 KG",..,..,..,..,..,..,..,..,..,..,..,..,..,..,..,..,..,..,..,..,..,..,..,..,..,..,..,..,..,..,..,..,..,..,..,..,..,..,..,..,..,..,..,..,..,..,..,..,..,..,..,..,..,..,..,..,..,..,..,..
"..REGION II (CAGAYAN VALLEY)","WHOLE CORN GRAIN, YELLOW, 1 KG",15.47,15.77,15.64,15.47,15.28,15.45,15.45,15.59,15.84,15.40,15.37,15.42,15.31,15.31,15.45,15.75,16.03,16.34,16.66,16.74,16.88,17.09,17.64,17.92,18.05,18.36,18.72,19.22,19.85,19.67,19.77,20.52,20.44,20.73,20.58,20.58,20.68,21.62,21.88,22.37,22.62,22.63,23.71,24.55,24.40,24.88,24.98,24.79,24.69,24.77,24.50,24.32,23.59,23.75,24.00,23.74,23.33,22.87,23.03,22.91
"..REGION II (CAGAYAN VALLEY)","WHOLE CORN ON THE COB, NATIVE, 1 KG",..,..,..,..,..,..,..,..,..,..,..,..,..,..,..,..,..,..,..,..,..,..,..,..,..,..,..,..,..,..,..,..,..,..,..,..,..,..,..,..,..,..,..,..,..,..,..,..,..,..,..,..,..,..,..,..,..,..,..,..
"..REGION II (CAGAYAN VALLEY)","WHOLE CORN ON THE COB, SWEET CORN, 1 KG",..,..,..,..,..,..,..,..,..,..,..,..,..,..,..,..,..,..,..,..,..,..,..,..,..,..,..,..,..,..,..,..,..,..,..,..,..,..,..,..,..,..,..,..,..,..,..,..,..,..,..,..,..,..,..,..,..,..,..,..
"..REGION II (CAGAYAN VALLEY)","WHOLE CORN ON THE COB, WHITE, 1 KG",18.45,18.45,18.33,18.33,18.59,18.84,18.72,18.72,18.72,18.72,18.84,18.84,20.11,20.23,20.36,20.36,20.23,20.23,21.50,21.83,21.83,21.83,21.83,21.83,21.83,21.50,21.50,24.00,26.00,25.67,25.67,25.67,25.67,25.67,26.50,27.33,27.50,27.33,28.00,34.67,37.00,36.71,35.29,33.86,35.29,35.29,35.29,33.86,36.86,36.86,37.14,40.71,39.29,39.29,37.86,40.71,40.71,40.71,39.29,32.14
"..REGION II (CAGAYAN VALLEY)","WHOLE CORN ON THE COB, YELLOW, 1 KG",..,..,..,..,..,..,..,..,..,..,..,..,..,..,..,..,..,..,..,..,..,..,..,..,..,..,..,..,..,..,..,..,..,..,..,..,..,..,..,..,..,..,..,..,..,..,..,..,..,..,..,..,..,..,..,..,..,..,..,..
"..REGION III (CENTRAL LUZON)","RICE, WELL-MILLED, 1 KG",42.30,42.82,42.68,42.53,43.09,42.94,42.79,42.83,42.89,42.80,42.98,43.39,43.56,44.44,44.15,44.20,44.39,44.13,44.08,44.41,44.21,44.28,44.16,43.99,43.66,43.83,44.01,44.01,44.06,44.31,44.29,44.47,44.60,44.46,44.55,44.70,44.59,44.76,45.00,45.28,45.29,45.54,45.82,48.67,53.69,49.89,52.06,54.79,55.83,56.12,55.95,56.01,55.59,55.46,55.61,55.29,54.98,54.57,53.86,53.87
"..REGION III (CENTRAL LUZON)","RICE, REGULAR-MILLED, 1 KG",36.24,36.11,36.35,36.73,37.16,37.08,37.63,37.68,37.56,37.12,37.10,37.16,37.36,37.20,37.14,37.09,37.17,37.20,37.59,37.53,37.64,37.45,37.27,37.38,37.80,37.74,37.45,38.02,37.85,37.93,38.20,38.61,38.83,38.73,38.73,38.74,38.71,38.79,39.00,39.16,39.48,40.09,40.62,43.08,48.79,44.34,46.63,49.90,51.02,51.12,50.69,51.36,51.03,51.05,50.97,50.20,49.91,49.64,48.49,48.18
"..REGION III (CENTRAL LUZON)","RICE, SPECIAL, 1 KG",53.27,53.37,53.16,53.77,53.41,53.55,53.21,53.09,53.04,52.67,53.21,53.20,53.33,53.17,52.15,52.99,53.28,53.05,52.97,53.07,52.77,52.73,53.22,53.14,53.46,53.54,53.31,53.51,53.32,54.01,53.67,53.84,54.05,54.69,55.05,55.75,55.51,55.53,55.41,55.52,55.56,55.55,55.09,55.99,59.44,58.94,60.60,63.10,63.53,62.97,62.72,63.26,62.71,62.65,63.13,62.12,62.03,61.99,61.58,61.27
"..REGION III (CENTRAL LUZON)","CORN GRITS, CORN NATIVE, 1 KG",..,..,..,..,..,..,..,..,..,..,..,..,..,..,..,..,..,..,..,..,..,..,..,..,..,..,..,..,..,..,..,..,..,..,..,..,..,..,..,..,..,..,..,..,..,..,..,..,..,..,..,..,..,..,..,..,..,..,..,..
"..REGION III (CENTRAL LUZON)","CORN GRITS, LOOSE, 1 KG",..,..,..,..,..,..,..,..,..,..,..,..,..,..,..,..,..,..,..,..,..,..,..,..,..,..,..,..,..,..,..,..,..,..,..,..,..,..,..,..,..,..,..,..,..,..,..,..,..,..,..,..,..,..,..,..,..,..,..,..
"..REGION III (CENTRAL LUZON)","CORN GRITS, WHITE, #10, 1 KG",..,..,..,..,..,..,..,..,..,..,..,..,..,..,..,..,..,..,..,..,..,..,..,..,..,..,..,..,..,..,..,..,..,..,..,..,..,..,..,..,..,..,..,..,..,..,..,..,..,..,..,..,..,..,..,..,..,..,..,..
"..REGION III (CENTRAL LUZON)","CORN GRITS, WHITE, #12, 1 KG",..,..,..,..,..,..,..,..,..,..,..,..,..,..,..,..,..,..,..,..,..,..,..,..,..,..,..,..,..,..,..,..,..,..,..,..,..,..,..,..,..,..,..,..,..,..,..,..,..,..,..,..,..,..,..,..,..,..,..,..
"..REGION III (CENTRAL LUZON)","CORN GRITS, WHITE, 1 KG",..,..,..,..,..,..,..,..,..,..,..,..,..,..,..,..,..,..,..,..,..,..,..,..,..,..,..,..,..,..,..,..,..,..,..,..,..,..,..,..,..,..,..,..,..,..,..,..,..,..,..,..,..,..,..,..,..,..,..,..
"..REGION III (CENTRAL LUZON)","CORN GRITS, YELLOW, 1 KG",..,..,..,..,..,..,..,..,..,..,..,..,..,..,..,..,..,..,..,..,..,..,..,..,..,..,..,..,..,..,..,..,..,..,..,..,..,..,..,..,..,..,..,..,..,..,..,..,..,..,..,..,..,..,..,..,..,..,..,..
"..REGION III (CENTRAL LUZON)","CORN, CRACKED, 1 KG",..,..,..,..,..,..,..,..,..,..,..,..,..,..,..,..,..,..,..,..,..,..,..,..,..,..,..,..,..,..,..,..,..,..,..,..,..,..,..,..,..,..,..,..,..,..,..,..,..,..,..,..,..,..,..,..,..,..,..,..
"..REGION III (CENTRAL LUZON)","WHOLE CORN GRAIN, YELLOW, 1 KG",..,..,..,..,..,..,..,..,..,..,..,..,..,..,..,..,..,..,..,..,..,..,..,..,..,..,..,..,..,..,..,..,..,..,..,..,..,..,..,..,..,..,..,..,..,..,..,..,..,..,..,..,..,..,..,..,..,..,..,..
"..REGION III (CENTRAL LUZON)","WHOLE CORN ON THE COB, NATIVE, 1 KG",..,..,..,..,..,..,..,..,..,..,..,..,..,..,..,..,..,..,..,..,..,..,..,..,..,..,..,..,..,..,..,..,..,..,..,..,..,..,..,..,..,..,..,..,..,..,..,..,..,..,..,..,..,..,..,..,..,..,..,..
"..REGION III (CENTRAL LUZON)","WHOLE CORN ON THE COB, SWEET CORN, 1 KG",49.15,51.89,50.80,50.79,50.56,51.99,49.30,49.30,48.05,47.75,48.90,55.06,62.13,56.19,52.23,47.99,47.42,46.70,48.38,53.55,51.46,51.54,60.87,57.52,60.26,59.99,59.36,57.80,59.55,58.01,60.88,61.30,59.69,61.43,73.81,74.78,81.94,77.78,76.80,76.17,73.53,73.37,70.61,71.40,71.05,77.09,74.83,72.50,72.97,74.71,77.74,77.14,78.71,77.33,79.50,80.56,82.48,86.02,88.76,90.37
"..REGION III (CENTRAL LUZON)","WHOLE CORN ON THE COB, WHITE, 1 KG",47.43,45.50,43.88,46.11,47.53,48.13,45.72,45.13,45.53,45.90,46.67,47.46,47.80,45.43,44.46,45.87,45.83,44.39,45.88,53.18,51.21,51.34,56.10,59.07,58.13,53.23,51.33,50.97,47.54,47.76,50.63,51.88,55.05,62.03,72.01,69.67,64.33,62.81,61.41,58.65,56.25,58.54,58.23,62.97,63.45,65.91,66.25,65.24,65.16,62.01,59.67,60.92,60.35,62.96,64.79,66.20,68.23,71.72,77.50,83.81
"..REGION III (CENTRAL LUZON)","WHOLE CORN ON THE COB, YELLOW, 1 KG",50.07,48.58,49.30,46.22,48.64,49.83,49.98,49.29,49.11,47.88,48.02,49.21,51.68,48.96,48.33,48.41,47.75,47.50,47.96,50.48,49.81,50.65,56.72,58.23,60.15,56.68,55.35,52.48,51.72,50.34,52.00,52.59,54.38,60.70,69.59,63.95,62.83,62.10,60.28,59.10,56.07,57.83,56.83,59.18,61.87,64.58,64.49,64.33,64.48,61.26,59.94,59.88,60.32,60.07,61.51,61.76,64.07,66.14,72.82,76.27
"..REGION IV-A (CALABARZON)","RICE, WELL-MILLED, 1 KG",41.72,41.71,41.67,41.77,41.89,41.62,41.70,41.75,41.68,41.60,41.75,41.82,41.89,42.07,42.01,42.21,42.26,42.30,42.32,42.64,42.65,42.63,43.00,42.91,42.93,43.10,43.05,43.12,43.29,43.36,43.40,43.59,43.25,43.28,43.48,43.46,43.68,44.04,44.09,44.08,44.06,44.25,44.33,46.24,49.11,46.79,48.60,50.04,51.07,52.16,53.11,53.91,54.32,54.51,54.24,54.00,53.81,53.51,53.18,53.18
"..REGION IV-A (CALABARZON)","RICE, REGULAR-MILLED, 1 KG",38.42,38.38,38.32,38.83,38.75,38.76,38.73,38.66,38.70,38.26,37.72,37.78,38.18,37.99,37.99,38.05,38.01,37.98,37.97,38.06,38.32,38.06,38.16,38.14,38.20,38.24,38.24,38.19,38.23,38.49,38.73,38.78,39.17,39.33,39.43,39.38,39.33,39.38,39.44,39.96,40.21,40.65,40.90,42.94,45.59,43.27,44.22,45.45,46.55,46.25,48.06,49.02,49.26,49.46,49.17,48.76,48.83,48.68,48.44,48.16
"..REGION IV-A (CALABARZON)","RICE, SPECIAL, 1 KG",50.74,50.72,49.77,49.55,49.80,50.07,50.13,50.18,50.28,49.92,49.92,49.95,50.04,50.55,50.50,50.49,50.58,50.56,50.50,50.78,51.17,51.32,51.12,51.20,51.23,51.29,51.33,51.30,51.22,51.39,51.32,51.86,51.68,51.88,51.95,51.91,52.02,52.12,52.52,52.77,52.58,52.69,52.92,53.52,56.03,55.41,56.29,57.51,57.99,58.52,59.26,59.38,59.47,59.48,59.34,58.88,58.89,58.85,59.10,58.92
"..REGION IV-A (CALABARZON)","CORN GRITS, CORN NATIVE, 1 KG",..,..,..,..,..,..,..,..,..,..,..,..,..,..,..,..,..,..,..,..,..,..,..,..,..,..,..,..,..,..,..,..,..,..,..,..,..,..,..,..,..,..,..,..,..,..,..,..,..,..,..,..,..,..,..,..,..,..,..,..
"..REGION IV-A (CALABARZON)","CORN GRITS, LOOSE, 1 KG",..,..,..,..,..,..,..,..,..,..,..,..,..,..,..,..,..,..,..,..,..,..,..,..,..,..,..,..,..,..,..,..,..,..,..,..,..,..,..,..,..,..,..,..,..,..,..,..,..,..,..,..,..,..,..,..,..,..,..,..
"..REGION IV-A (CALABARZON)","CORN GRITS, WHITE, #10, 1 KG",..,..,..,..,..,..,..,..,..,..,..,..,..,..,..,..,..,..,..,..,..,..,..,..,..,..,..,..,..,..,..,..,..,..,..,..,..,..,..,..,..,..,..,..,..,..,..,..,..,..,..,..,..,..,..,..,..,..,..,..
"..REGION IV-A (CALABARZON)","CORN GRITS, WHITE, #12, 1 KG",..,..,..,..,..,..,..,..,..,..,..,..,..,..,..,..,..,..,..,..,..,..,..,..,..,..,..,..,..,..,..,..,..,..,..,..,..,..,..,..,..,..,..,..,..,..,..,..,..,..,..,..,..,..,..,..,..,..,..,..
"..REGION IV-A (CALABARZON)","CORN GRITS, WHITE, 1 KG",..,..,..,..,..,..,..,..,..,..,..,..,..,..,..,..,..,..,..,..,..,..,..,..,..,..,..,..,..,..,..,..,..,..,..,..,..,..,..,..,..,..,..,..,..,..,..,..,..,..,..,..,..,..,..,..,..,..,..,..
"..REGION IV-A (CALABARZON)","CORN GRITS, YELLOW, 1 KG",40.61,40.61,40.61,40.61,40.61,40.61,40.61,35.53,35.53,35.53,35.53,35.53,35.53,35.53,34.51,34.00,34.00,34.00,34.00,34.00,34.00,34.00,33.40,33.40,33.40,33.40,33.80,33.80,33.80,33.80,33.80,33.80,34.00,34.40,34.40,34.80,35.80,35.80,35.80,35.80,35.80,36.00,36.20,36.20,36.20,36.20,36.20,36.20,36.60,37.20,37.20,36.50,36.50,36.75,36.75,37.00,37.50,37.50,36.67,37.50
"..REGION IV-A (CALABARZON)","CORN, CRACKED, 1 KG",..,..,..,..,..,..,..,..,..,..,..,..,..,..,..,..,..,..,..,..,..,..,..,..,..,..,..,..,..,..,..,..,..,..,..,..,..,..,..,..,..,..,..,..,..,..,..,..,..,..,..,..,..,..,..,..,..,..,..,..
"..REGION IV-A (CALABARZON)","WHOLE CORN GRAIN, YELLOW, 1 KG",38.62,38.07,38.76,39.01,38.92,38.23,37.20,36.00,36.86,40.98,40.98,41.91,41.91,41.91,41.60,41.45,42.07,40.51,38.01,39.57,38.08,38.40,38.38,39.38,38.53,38.38,39.17,39.48,39.04,39.51,40.08,40.72,41.30,41.09,42.59,42.59,43.09,43.09,43.09,43.09,43.34,43.19,43.19,43.19,43.19,42.09,42.55,42.55,42.55,43.35,49.01,54.60,53.66,54.01,54.64,57.14,53.14,55.33,58.61,63.95
"..REGION IV-A (CALABARZON)","WHOLE CORN ON THE COB, NATIVE, 1 KG",48.68,48.68,49.34,50.87,50.00,49.35,50.00,46.05,46.71,48.68,49.34,51.31,52.63,52.63,55.26,50.00,50.00,48.68,50.00,51.25,50.00,50.00,51.25,51.88,53.75,53.75,53.75,55.63,52.50,55.00,56.88,56.25,57.50,58.75,58.75,61.25,60.00,57.50,57.50,61.25,74.38,76.25,75.00,75.00,73.75,73.75,72.50,73.75,73.75,76.25,75.00,77.50,81.25,82.50,84.38,88.75,88.75,88.75,95.00,87.50
"..REGION IV-A (CALABARZON)","WHOLE CORN ON THE COB, SWEET CORN, 1 KG",42.01,46.32,42.62,49.04,50.13,51.02,49.60,47.02,44.46,44.18,43.65,44.68,46.18,48.32,48.31,49.93,50.64,49.68,45.92,47.88,46.96,48.25,47.75,47.08,48.75,48.04,49.04,50.33,50.80,52.44,53.54,51.29,49.42,48.71,54.50,56.79,58.46,57.28,61.08,57.46,58.03,54.33,54.14,53.89,54.47,56.93,54.88,56.34,59.93,58.42,59.75,62.17,61.91,60.96,61.88,64.75,62.20,64.91,66.13,68.84
"..REGION IV-A (CALABARZON)","WHOLE CORN ON THE COB, WHITE, 1 KG",43.17,43.22,41.19,44.15,43.86,44.21,47.61,47.42,44.11,44.30,44.15,44.67,46.00,46.33,46.70,44.87,45.25,45.85,44.78,44.38,45.42,46.25,45.88,46.41,47.87,48.91,48.91,51.15,52.56,53.71,55.58,56.77,53.65,53.44,58.02,58.44,58.96,58.13,58.54,59.48,63.43,61.19,62.19,61.36,60.94,60.94,61.36,62.66,63.23,65.84,69.06,65.52,69.79,67.61,67.45,68.54,74.38,74.99,75.89,77.40
"..REGION IV-A (CALABARZON)","WHOLE CORN ON THE COB, YELLOW, 1 KG",39.55,43.23,39.17,48.58,48.61,50.48,49.11,49.42,45.67,45.98,46.43,47.84,51.23,48.73,47.86,47.64,48.79,47.77,43.91,45.47,45.47,48.13,48.44,48.60,46.72,46.72,48.75,51.04,51.21,53.47,53.39,51.83,48.54,48.54,55.31,55.31,57.50,56.25,61.56,56.56,55.94,51.10,50.47,50.94,50.94,49.53,50.16,50.63,55.94,56.72,58.60,60.89,61.41,60.47,60.94,61.25,60.94,62.19,61.72,63.44
"..MIMAROPA REGION","RICE, WELL-MILLED, 1 KG",42.78,42.55,41.60,42.34,42.63,42.83,43.65,44.08,43.75,43.81,43.53,43.29,42.52,42.72,42.37,42.32,41.97,42.38,42.35,42.35,42.35,42.23,42.65,42.60,42.59,42.87,42.61,43.08,43.28,42.94,43.72,44.19,44.65,45.03,44.87,45.07,44.63,44.92,45.11,44.74,45.49,45.88,46.07,47.04,50.94,50.09,49.98,51.11,51.13,53.70,55.90,56.62,55.93,55.98,55.48,54.79,54.75,53.98,52.10,51.21
"..MIMAROPA REGION","RICE, REGULAR-MILLED, 1 KG",37.19,37.33,37.05,38.62,39.71,40.59,40.61,40.70,41.02,41.36,41.01,40.49,39.48,39.09,39.18,39.72,39.60,39.35,39.32,39.32,39.32,39.24,39.27,39.27,39.53,40.39,39.78,39.87,39.41,39.32,39.49,40.49,40.65,41.08,41.53,41.48,41.63,41.23,41.22,41.67,41.88,42.58,42.61,42.72,44.76,44.92,45.18,46.02,46.57,48.07,51.03,50.69,51.25,51.18,51.52,51.13,50.87,49.96,47.69,46.58
"..MIMAROPA REGION","RICE, SPECIAL, 1 KG",52.07,50.94,50.08,51.66,51.66,52.43,52.50,52.27,52.08,52.07,51.77,51.71,52.28,51.82,51.59,50.93,50.91,50.99,51.15,51.15,51.15,50.83,50.69,50.75,50.81,50.98,50.54,51.08,50.68,50.37,51.30,52.29,52.83,53.34,53.10,53.32,53.80,54.02,54.16,54.45,54.35,53.71,53.33,54.82,58.70,58.60,59.65,61.59,61.55,63.15,65.00,65.02,64.79,64.81,64.25,63.98,63.92,63.40,63.71,62.98
"..MIMAROPA REGION","CORN GRITS, CORN NATIVE, 1 KG",..,..,..,..,..,..,..,..,..,..,..,..,..,..,..,..,..,..,..,..,..,..,..,..,..,..,..,..,..,..,..,..,..,..,..,..,..,..,..,..,..,..,..,..,..,..,..,..,..,..,..,..,..,..,..,..,..,..,..,..
"..MIMAROPA REGION","CORN GRITS, LOOSE, 1 KG",..,..,..,..,..,..,..,..,..,..,..,..,..,..,..,..,..,..,..,..,..,..,..,..,..,..,..,..,..,..,..,..,..,..,..,..,..,..,..,..,..,..,..,..,..,..,..,..,..,..,..,..,..,..,..,..,..,..,..,..
"..MIMAROPA REGION","CORN GRITS, WHITE, #10, 1 KG",..,..,..,..,..,..,..,..,..,..,..,..,..,..,..,..,..,..,..,..,..,..,..,..,..,..,..,..,..,..,..,..,..,..,..,..,..,..,..,..,..,..,..,..,..,..,..,..,..,..,..,..,..,..,..,..,..,..,..,..
"..MIMAROPA REGION","CORN GRITS, WHITE, #12, 1 KG",..,..,..,..,..,..,..,..,..,..,..,..,..,..,..,..,..,..,..,..,..,..,..,..,..,..,..,..,..,..,..,..,..,..,..,..,..,..,..,..,..,..,..,..,..,..,..,..,..,..,..,..,..,..,..,..,..,..,..,..
"..MIMAROPA REGION","CORN GRITS, WHITE, 1 KG",..,..,..,..,..,..,..,..,..,..,..,..,..,..,..,..,..,..,..,..,..,..,..,..,..,..,..,..,..,..,..,..,..,..,..,..,..,..,..,..,..,..,..,..,..,..,..,..,..,..,..,..,..,..,..,..,..,..,..,..
"..MIMAROPA REGION","CORN GRITS, YELLOW, 1 KG",37.86,37.86,37.86,36.24,38.93,38.93,36.80,31.98,38.37,38.37,38.37,38.37,38.37,37.86,37.86,35.73,33.60,33.60,33.60,33.60,33.60,33.60,33.60,34.00,34.60,34.80,34.80,35.60,36.00,35.80,35.80,36.80,37.20,37.20,38.40,38.60,38.60,38.60,39.20,39.20,39.20,39.20,38.80,39.20,38.80,39.50,39.17,39.33,39.33,39.50,39.17,39.17,39.33,39.33,39.33,39.33,39.83,39.83,39.83,39.83
"..MIMAROPA REGION","CORN, CRACKED, 1 KG",..,..,..,..,..,..,..,..,..,..,..,..,..,..,..,..,..,..,..,..,..,..,..,..,..,..,..,..,..,..,..,..,..,..,..,..,..,..,..,..,..,..,..,..,..,..,..,..,..,..,..,..,..,..,..,..,..,..,..,..
"..MIMAROPA REGION","WHOLE CORN GRAIN, YELLOW, 1 KG",55.10,55.28,55.16,55.28,55.58,55.86,55.86,55.86,55.90,58.57,59.12,59.17,61.07,61.57,64.43,64.40,64.44,64.48,62.17,62.17,62.17,62.29,62.71,62.70,63.06,62.95,62.27,62.73,62.71,63.70,64.15,65.81,66.45,64.82,64.86,64.90,65.60,64.14,65.22,66.72,67.30,67.59,70.75,70.75,75.61,78.66,77.57,78.88,79.06,80.14,80.06,79.48,79.52,79.68,79.41,79.71,79.77,78.89,79.23,79.23
"..MIMAROPA REGION","WHOLE CORN ON THE COB, NATIVE, 1 KG",41.53,46.51,47.07,45.03,49.28,49.28,43.48,30.73,30.73,45.80,47.53,47.53,49.85,58.55,59.71,57.39,56.23,57.39,53.33,53.33,53.33,53.33,53.33,53.33,53.33,55.00,56.25,58.33,58.33,60.00,60.00,56.67,56.67,58.33,66.67,65.00,61.67,66.67,68.33,73.33,71.67,78.33,71.67,66.67,70.00,73.33,73.33,70.83,74.17,74.17,74.17,77.50,73.33,73.33,73.33,75.00,78.33,80.00,81.67,81.67
"..MIMAROPA REGION","WHOLE CORN ON THE COB, SWEET CORN, 1 KG",63.04,62.76,62.17,61.77,62.70,62.70,61.47,57.61,58.02,62.98,66.94,67.19,64.06,65.46,63.58,64.12,66.73,66.73,62.22,62.22,62.22,62.22,62.22,62.64,63.47,65.19,66.15,67.54,67.89,70.19,69.72,68.89,70.00,70.88,74.15,75.81,78.13,76.60,77.15,77.99,78.63,78.53,79.01,80.11,80.66,79.07,80.87,79.48,81.07,82.32,83.03,85.27,84.16,82.25,83.21,83.21,83.76,84.71,85.83,85.83
"..MIMAROPA REGION","WHOLE CORN ON THE COB, WHITE, 1 KG",18.67,19.04,19.78,21.62,21.89,21.89,21.89,21.89,21.80,22.07,25.75,28.20,28.20,25.75,27.59,27.59,27.83,27.83,27.83,27.83,27.83,27.83,27.83,27.50,27.50,27.50,28.33,27.50,26.67,26.67,26.67,27.00,27.00,29.00,29.38,29.38,30.00,26.88,26.88,26.88,26.88,26.88,26.88,26.88,26.50,27.25,26.00,26.25,26.25,26.00,26.00,26.13,26.63,27.13,27.31,27.56,28.25,28.25,28.75,29.50
"..MIMAROPA REGION","WHOLE CORN ON THE COB, YELLOW, 1 KG",78.21,78.66,76.86,76.86,77.44,78.01,78.91,78.23,77.29,79.83,80.19,79.73,84.36,85.57,89.50,89.28,89.50,89.50,87.92,87.92,87.92,87.92,87.92,88.33,89.42,92.17,90.24,87.83,89.50,88.25,88.04,87.61,89.25,88.51,91.87,93.35,94.22,93.60,93.60,93.08,92.69,92.33,93.70,91.62,92.25,91.59,85.83,85.99,87.26,90.81,90.81,93.20,93.28,90.80,91.98,92.41,92.51,95.27,96.51,96.51
"..REGION V (BICOL REGION)","RICE, WELL-MILLED, 1 KG",41.49,41.40,40.88,41.10,41.77,42.33,42.25,42.10,41.97,41.46,41.48,41.67,41.54,41.57,42.02,41.96,41.83,41.51,41.49,41.49,41.49,41.51,41.41,41.64,41.78,41.93,41.95,41.96,41.93,42.37,42.17,42.13,42.32,42.44,42.36,42.59,42.31,42.70,42.78,42.99,43.03,43.46,43.68,45.79,51.34,49.57,51.55,54.36,56.19,56.19,56.89,56.26,55.03,55.27,55.04,54.49,54.93,54.35,54.21,53.78
"..REGION V (BICOL REGION)","RICE, REGULAR-MILLED, 1 KG",37.00,37.00,36.65,37.50,37.98,38.39,38.48,38.59,38.36,38.04,38.12,38.21,38.29,38.04,38.44,38.47,38.09,38.03,38.22,38.22,38.22,38.15,38.15,38.21,38.27,38.59,38.89,38.69,38.73,38.71,38.87,39.00,39.10,39.12,39.18,39.19,39.22,39.47,39.51,39.91,40.14,40.21,40.36,42.63,47.00,45.11,47.78,50.12,51.81,52.62,53.94,53.00,51.76,51.90,51.41,50.78,51.01,50.49,50.37,49.40
"..REGION V (BICOL REGION)","RICE, SPECIAL, 1 KG",44.94,44.76,44.84,44.47,45.09,45.33,45.38,45.85,45.71,44.78,44.90,47.79,47.26,48.21,49.50,49.51,49.59,49.75,49.43,49.43,49.43,49.35,49.24,49.59,49.63,49.82,49.72,49.66,49.23,49.58,50.26,49.96,49.63,49.79,49.09,49.72,50.13,50.80,50.81,51.26,51.66,51.44,51.64,52.79,58.01,57.76,59.41,61.89,62.62,62.57,62.83,62.66,62.06,62.66,62.13,61.94,61.70,61.59,61.32,60.82
"..REGION V (BICOL REGION)","CORN GRITS, CORN NATIVE, 1 KG",..,..,..,..,..,..,..,..,..,..,..,..,..,..,..,..,..,..,..,..,..,..,..,..,..,..,..,..,..,..,..,..,..,..,..,..,..,..,..,..,..,..,..,..,..,..,..,..,..,..,..,..,..,..,..,..,..,..,..,..
"..REGION V (BICOL REGION)","CORN GRITS, LOOSE, 1 KG",..,..,..,..,..,..,..,..,..,..,..,..,..,..,..,..,..,..,..,..,..,..,..,..,..,..,..,..,..,..,..,..,..,..,..,..,..,..,..,..,..,..,..,..,..,..,..,..,..,..,..,..,..,..,..,..,..,..,..,..
"..REGION V (BICOL REGION)","CORN GRITS, WHITE, #10, 1 KG",..,..,..,..,..,..,..,..,..,..,..,..,..,..,..,..,..,..,..,..,..,..,..,..,..,..,..,..,..,..,..,..,..,..,..,..,..,..,..,..,..,..,..,..,..,..,..,..,..,..,..,..,..,..,..,..,..,..,..,..
"..REGION V (BICOL REGION)","CORN GRITS, WHITE, #12, 1 KG",..,..,..,..,..,..,..,..,..,..,..,..,..,..,..,..,..,..,..,..,..,..,..,..,..,..,..,..,..,..,..,..,..,..,..,..,..,..,..,..,..,..,..,..,..,..,..,..,..,..,..,..,..,..,..,..,..,..,..,..
"..REGION V (BICOL REGION)","CORN GRITS, WHITE, 1 KG",39.22,38.01,38.92,40.58,40.88,41.79,43.91,43.76,43.91,42.70,43.16,43.77,42.40,41.49,40.13,41.04,43.31,43.16,43.00,43.00,43.00,43.00,43.00,43.00,43.17,42.33,42.13,41.88,42.25,42.50,42.88,43.75,43.75,43.75,43.75,43.75,45.00,45.00,45.00,45.00,45.00,45.00,45.00,45.00,45.50,46.25,48.00,48.00,48.88,48.88,48.88,48.88,50.13,50.13,50.13,51.38,52.00,52.00,52.00,52.00
"..REGION V (BICOL REGION)","CORN GRITS, YELLOW, 1 KG",..,..,..,..,..,..,..,..,..,..,..,..,..,..,..,..,..,..,..,..,..,..,..,..,..,..,..,..,..,..,..,..,..,..,..,..,..,..,..,..,..,..,..,..,..,..,..,..,..,..,..,..,..,..,..,..,..,..,..,..
"..REGION V (BICOL REGION)","CORN, CRACKED, 1 KG",..,..,..,..,..,..,..,..,..,..,..,..,..,..,..,..,..,..,..,..,..,..,..,..,..,..,..,..,..,..,..,..,..,..,..,..,..,..,..,..,..,..,..,..,..,..,..,..,..,..,..,..,..,..,..,..,..,..,..,..
"..REGION V (BICOL REGION)","WHOLE CORN GRAIN, YELLOW, 1 KG",..,..,..,..,..,..,..,..,..,..,..,..,..,..,..,..,..,..,..,..,..,..,..,..,..,..,..,..,..,..,..,..,..,..,..,..,..,..,..,..,..,..,..,..,..,..,..,..,..,..,..,..,..,..,..,..,..,..,..,..
"..REGION V (BICOL REGION)","WHOLE CORN ON THE COB, NATIVE, 1 KG",..,..,..,..,..,..,..,..,..,..,..,..,..,..,..,..,..,..,..,..,..,..,..,..,..,..,..,..,..,..,..,..,..,..,..,..,..,..,..,..,..,..,..,..,..,..,..,..,..,..,..,..,..,..,..,..,..,..,..,..
"..REGION V (BICOL REGION)","WHOLE CORN ON THE COB, SWEET CORN, 1 KG",65.17,66.30,66.47,66.72,68.65,68.16,67.68,67.68,66.91,66.91,66.94,68.03,68.88,68.77,67.40,67.87,65.59,65.87,66.14,66.14,66.14,66.14,66.14,66.14,67.30,67.83,67.92,67.50,68.45,68.45,72.20,74.91,79.08,79.91,80.12,80.06,80.75,80.75,81.79,84.29,83.87,84.70,85.91,87.54,87.54,79.54,79.73,82.85,82.73,83.89,82.24,85.64,78.59,79.84,77.85,79.83,79.83,83.04,83.04,81.85
"..REGION V (BICOL REGION)","WHOLE CORN ON THE COB, WHITE, 1 KG",36.12,39.03,39.03,38.91,39.03,40.77,40.77,40.26,42.16,41.27,46.98,42.54,46.34,45.71,42.54,43.17,41.90,41.90,45.00,45.00,45.00,45.00,45.00,45.00,43.75,45.00,45.00,45.00,45.00,45.00,45.00,45.00,42.50,48.33,48.00,52.00,50.00,51.67,53.33,53.33,53.33,53.33,53.33,57.50,57.50,58.75,57.50,56.67,56.67,58.33,58.83,62.50,59.17,56.67,57.50,58.33,55.83,58.33,61.67,61.67
"..REGION V (BICOL REGION)","WHOLE CORN ON THE COB, YELLOW, 1 KG",..,..,..,..,..,..,..,..,..,..,..,..,..,..,..,..,..,..,..,..,..,..,..,..,..,..,..,..,..,..,..,..,..,..,..,..,..,..,..,..,..,..,..,..,..,..,..,..,..,..,..,..,..,..,..,..,..,..,..,..
"..REGION VI (WESTERN VISAYAS)","RICE, WELL-MILLED, 1 KG",44.92,44.58,44.26,44.55,44.43,44.77,44.90,44.68,44.42,44.04,43.80,43.49,41.69,42.11,42.26,42.35,42.42,42.36,42.44,42.44,42.38,42.19,42.25,41.82,42.02,41.30,41.69,41.67,41.85,42.38,42.43,43.08,43.15,43.26,43.21,43.46,43.55,43.25,43.29,43.44,44.34,44.85,45.30,46.74,48.88,46.61,48.90,50.58,52.23,54.80,56.79,57.30,57.58,57.80,57.67,57.59,57.39,57.27,56.44,55.91
"..REGION VI (WESTERN VISAYAS)","RICE, REGULAR-MILLED, 1 KG",39.21,38.61,38.85,39.60,39.76,39.87,39.88,39.74,39.58,39.20,38.70,38.42,37.16,37.42,37.31,37.51,37.36,37.43,37.53,37.34,36.66,36.71,36.60,36.57,36.91,37.52,37.95,37.81,37.92,38.57,39.08,39.39,38.95,38.72,38.71,38.70,38.76,38.73,38.93,39.46,40.42,40.75,41.25,42.74,43.67,41.86,42.48,43.92,45.07,46.24,47.40,48.39,49.63,50.01,50.14,50.35,50.14,49.78,48.37,47.83
"..REGION VI (WESTERN VISAYAS)","RICE, SPECIAL, 1 KG",55.06,55.17,55.00,55.86,55.93,55.96,55.75,55.61,55.39,54.96,54.88,54.74,52.95,54.02,53.71,53.94,53.49,54.33,54.53,53.77,53.20,53.33,53.68,53.86,53.79,53.66,53.95,53.76,53.37,53.65,53.76,54.28,54.28,54.32,54.43,54.74,55.10,55.04,55.07,55.20,55.80,56.38,56.51,57.80,60.38,59.78,60.53,62.16,63.10,64.37,65.02,64.76,64.69,64.60,64.14,64.19,63.93,64.29,63.59,62.44
"..REGION VI (WESTERN VISAYAS)","CORN GRITS, CORN NATIVE, 1 KG",..,..,..,..,..,..,..,..,..,..,..,..,..,..,..,..,..,..,..,..,..,..,..,..,..,..,..,..,..,..,..,..,..,..,..,..,..,..,..,..,..,..,..,..,..,..,..,..,..,..,..,..,..,..,..,..,..,..,..,..
"..REGION VI (WESTERN VISAYAS)","CORN GRITS, LOOSE, 1 KG",26.64,26.64,26.64,26.64,26.64,26.64,26.64,26.76,26.76,26.76,26.76,26.76,27.00,27.00,27.00,27.00,27.00,27.00,27.00,27.00,27.00,27.00,27.25,27.25,27.38,27.63,27.63,28.00,28.00,28.00,28.25,28.25,28.88,28.88,28.88,28.88,29.13,29.38,30.00,32.00,34.88,34.75,34.63,34.75,35.63,35.63,35.63,35.63,35.63,35.63,35.63,35.63,35.63,35.63,35.63,35.63,36.13,36.13,35.63,35.63
"..REGION VI (WESTERN VISAYAS)","CORN GRITS, WHITE, #10, 1 KG",..,..,..,..,..,..,..,..,..,..,..,..,..,..,..,..,..,..,..,..,..,..,..,..,..,..,..,..,..,..,..,..,..,..,..,..,..,..,..,..,..,..,..,..,..,..,..,..,..,..,..,..,..,..,..,..,..,..,..,..
"..REGION VI (WESTERN VISAYAS)","CORN GRITS, WHITE, #12, 1 KG",..,..,..,..,..,..,..,..,..,..,..,..,..,..,..,..,..,..,..,..,..,..,..,..,..,..,..,..,..,..,..,..,..,..,..,..,..,..,..,..,..,..,..,..,..,..,..,..,..,..,..,..,..,..,..,..,..,..,..,..
"..REGION VI (WESTERN VISAYAS)","CORN GRITS, WHITE, 1 KG",..,..,..,..,..,..,..,..,..,..,..,..,..,..,..,..,..,..,..,..,..,..,..,..,..,..,..,..,..,..,..,..,..,..,..,..,..,..,..,..,..,..,..,..,..,..,..,..,..,..,..,..,..,..,..,..,..,..,..,..
"..REGION VI (WESTERN VISAYAS)","CORN GRITS, YELLOW, 1 KG",30.81,30.94,30.84,30.74,30.52,30.52,30.58,30.67,30.67,30.61,30.45,30.38,30.31,30.34,30.48,30.48,30.50,30.51,31.44,31.51,32.70,33.27,33.70,33.81,33.80,33.96,34.89,34.59,34.95,34.90,35.53,36.14,36.22,36.84,36.06,36.20,35.57,35.82,35.81,35.73,35.64,35.23,35.24,35.51,36.05,36.14,36.14,36.51,36.59,36.80,36.88,37.07,37.21,37.38,37.31,37.80,37.83,37.90,37.38,37.34
"..REGION VI (WESTERN VISAYAS)","CORN, CRACKED, 1 KG",24.62,25.03,24.75,24.35,24.62,24.62,24.62,24.90,24.90,24.90,24.76,24.90,24.90,25.30,25.30,25.30,25.09,25.17,25.44,26.28,28.28,28.21,28.38,28.38,28.42,28.63,28.69,29.04,29.17,29.25,30.32,31.07,31.13,31.13,31.13,31.13,30.92,31.23,31.29,31.79,32.63,32.57,32.53,32.63,33.44,33.44,33.44,33.44,33.28,33.28,33.28,33.28,33.28,33.61,33.78,34.19,34.53,34.86,33.69,33.69
"..REGION VI (WESTERN VISAYAS)","WHOLE CORN GRAIN, YELLOW, 1 KG",25.21,24.85,24.43,24.43,24.43,24.43,24.30,25.48,25.48,25.48,25.36,25.36,25.36,25.36,25.60,25.60,25.60,25.60,25.60,25.17,24.75,25.75,25.75,26.25,27.17,28.59,30.30,30.30,30.38,31.08,31.92,32.84,33.59,33.17,33.17,32.84,32.84,32.50,32.58,32.50,32.58,33.25,33.42,33.34,32.92,32.92,32.25,31.75,32.17,33.00,33.00,33.00,32.84,33.17,32.42,32.42,32.42,32.83,32.42,32.42
"..REGION VI (WESTERN VISAYAS)","WHOLE CORN ON THE COB, NATIVE, 1 KG",..,..,..,..,..,..,..,..,..,..,..,..,..,..,..,..,..,..,..,..,..,..,..,..,..,..,..,..,..,..,..,..,..,..,..,..,..,..,..,..,..,..,..,..,..,..,..,..,..,..,..,..,..,..,..,..,..,..,..,..
"..REGION VI (WESTERN VISAYAS)","WHOLE CORN ON THE COB, SWEET CORN, 1 KG",41.47,40.39,43.09,44.00,49.22,50.49,50.49,47.79,47.79,47.79,50.67,50.67,54.00,50.67,50.67,51.51,51.51,52.34,54.00,52.50,53.33,57.17,55.50,56.33,53.33,60.00,66.67,70.00,66.67,71.67,71.67,74.17,70.00,70.00,70.00,73.33,80.50,78.00,74.67,77.50,78.33,78.33,80.00,81.67,80.00,76.67,76.67,76.67,76.67,76.67,76.67,76.67,80.00,83.33,83.33,83.33,81.67,80.00,80.00,80.00
"..REGION VI (WESTERN VISAYAS)","WHOLE CORN ON THE COB, WHITE, 1 KG",29.62,30.10,29.53,28.78,29.44,31.41,27.93,27.52,29.49,33.65,33.65,33.78,34.62,34.87,35.73,33.45,31.89,33.41,34.17,32.22,33.06,33.61,35.00,35.56,42.22,44.72,47.22,46.11,45.00,45.55,46.67,46.39,47.22,48.33,47.78,51.11,50.55,51.11,51.11,50.55,50.83,50.56,49.44,50.06,48.78,48.33,50.00,48.89,50.56,50.00,48.61,47.22,47.22,47.78,47.50,48.06,48.61,48.89,50.83,52.22
"..REGION VI (WESTERN VISAYAS)","WHOLE CORN ON THE COB, YELLOW, 1 KG",14.50,14.75,14.75,14.75,14.75,14.75,14.75,14.75,14.75,14.75,14.75,14.75,14.75,14.75,15.38,14.75,14.75,14.75,14.75,14.75,15.50,15.50,15.50,15.50,15.50,15.50,15.50,15.50,15.50,15.50,15.50,15.88,15.88,15.88,15.88,15.88,15.88,15.88,15.88,15.88,15.88,15.88,15.88,16.13,16.25,16.38,16.38,16.38,16.38,16.38,16.38,16.38,16.38,16.38,16.38,16.38,16.38,16.38,16.38,16.38
"..REGION VII (CENTRAL VISAYAS)","RICE, WELL-MILLED, 1 KG",49.57,48.86,48.97,49.92,50.78,51.59,51.08,50.68,50.45,50.26,49.89,50.23,49.35,48.62,48.96,47.93,48.47,48.33,48.82,49.38,48.05,47.90,47.68,48.26,46.87,47.76,47.66,47.64,47.51,47.75,47.67,48.60,48.35,48.16,48.09,48.20,48.16,47.95,48.10,48.68,48.43,48.45,48.55,51.18,55.32,55.28,56.90,58.55,58.63,59.34,59.24,58.67,58.34,57.90,57.62,56.96,56.86,56.76,56.61,56.42
"..REGION VII (CENTRAL VISAYAS)","RICE, REGULAR-MILLED, 1 KG",42.38,41.86,41.97,42.80,43.70,44.58,44.36,44.04,44.02,43.83,43.48,43.95,42.87,42.81,41.60,40.62,41.68,41.42,41.73,41.60,41.77,41.75,41.85,41.37,43.65,42.58,42.40,41.98,42.12,41.89,42.15,42.53,42.27,41.93,42.13,42.06,42.06,42.10,42.33,42.98,43.51,43.45,43.65,46.36,50.82,47.52,49.85,52.23,53.60,53.90,53.87,53.82,53.32,53.35,52.78,52.47,52.26,52.14,51.45,50.39
"..REGION VII (CENTRAL VISAYAS)","RICE, SPECIAL, 1 KG",78.61,77.77,77.80,78.52,79.30,80.72,79.18,79.09,78.12,78.19,77.89,77.47,77.17,75.53,77.83,77.63,77.41,77.27,77.36,78.04,76.62,77.38,77.32,77.45,77.18,76.87,77.37,77.97,78.26,78.33,77.86,77.57,77.85,78.85,79.70,80.57,80.95,81.26,81.14,81.81,81.64,81.26,81.71,82.86,86.19,88.84,88.28,89.27,90.23,90.65,91.39,91.93,92.92,94.27,94.65,94.63,95.08,95.11,96.06,96.54
"..REGION VII (CENTRAL VISAYAS)","CORN GRITS, CORN NATIVE, 1 KG",..,..,..,..,..,..,..,..,..,..,..,..,..,..,..,..,..,..,..,..,..,..,..,..,..,..,..,..,..,..,..,..,..,..,..,..,..,..,..,..,..,..,..,..,..,..,..,..,..,..,..,..,..,..,..,..,..,..,..,..
"..REGION VII (CENTRAL VISAYAS)","CORN GRITS, LOOSE, 1 KG",..,..,..,..,..,..,..,..,..,..,..,..,..,..,..,..,..,..,..,..,..,..,..,..,..,..,..,..,..,..,..,..,..,..,..,..,..,..,..,..,..,..,..,..,..,..,..,..,..,..,..,..,..,..,..,..,..,..,..,..
"..REGION VII (CENTRAL VISAYAS)","CORN GRITS, WHITE, #10, 1 KG",..,..,..,..,..,..,..,..,..,..,..,..,..,..,..,..,..,..,..,..,..,..,..,..,..,..,..,..,..,..,..,..,..,..,..,..,..,..,..,..,..,..,..,..,..,..,..,..,..,..,..,..,..,..,..,..,..,..,..,..
"..REGION VII (CENTRAL VISAYAS)","CORN GRITS, WHITE, #12, 1 KG",..,..,..,..,..,..,..,..,..,..,..,..,..,..,..,..,..,..,..,..,..,..,..,..,..,..,..,..,..,..,..,..,..,..,..,..,..,..,..,..,..,..,..,..,..,..,..,..,..,..,..,..,..,..,..,..,..,..,..,..
"..REGION VII (CENTRAL VISAYAS)","CORN GRITS, WHITE, 1 KG",29.19,28.15,26.98,27.50,28.15,29.57,31.00,31.00,31.38,31.00,30.54,29.89,29.89,30.58,30.70,33.22,35.74,35.12,36.25,37.00,37.38,38.63,38.63,37.75,38.31,37.94,38.25,38.63,38.75,39.69,39.92,39.88,42.75,43.13,43.00,43.09,42.34,42.84,42.84,42.93,43.08,42.77,43.02,43.75,43.75,43.75,43.63,43.13,43.50,44.16,44.41,45.20,46.44,46.69,47.31,49.56,55.63,48.06,43.41,42.59
"..REGION VII (CENTRAL VISAYAS)","CORN GRITS, YELLOW, 1 KG",..,..,..,..,..,..,..,..,..,..,..,..,..,..,..,..,..,..,..,..,..,..,..,..,..,..,..,..,..,..,..,..,..,..,..,..,..,..,..,..,..,..,..,..,..,..,..,..,..,..,..,..,..,..,..,..,..,..,..,..
"..REGION VII (CENTRAL VISAYAS)","CORN, CRACKED, 1 KG",..,..,..,..,..,..,..,..,..,..,..,..,..,..,..,..,..,..,..,..,..,..,..,..,..,..,..,..,..,..,..,..,..,..,..,..,..,..,..,..,..,..,..,..,..,..,..,..,..,..,..,..,..,..,..,..,..,..,..,..
"..REGION VII (CENTRAL VISAYAS)","WHOLE CORN GRAIN, YELLOW, 1 KG",..,..,..,..,..,..,..,..,..,..,..,..,..,..,..,..,..,..,..,..,..,..,..,..,..,..,..,..,..,..,..,..,..,..,..,..,..,..,..,..,..,..,..,..,..,..,..,..,..,..,..,..,..,..,..,..,..,..,..,..
"..REGION VII (CENTRAL VISAYAS)","WHOLE CORN ON THE COB, NATIVE, 1 KG",..,..,..,..,..,..,..,..,..,..,..,..,..,..,..,..,..,..,..,..,..,..,..,..,..,..,..,..,..,..,..,..,..,..,..,..,..,..,..,..,..,..,..,..,..,..,..,..,..,..,..,..,..,..,..,..,..,..,..,..
"..REGION VII (CENTRAL VISAYAS)","WHOLE CORN ON THE COB, SWEET CORN, 1 KG",60.37,60.37,60.37,60.37,60.37,60.37,60.37,61.52,61.52,61.52,61.52,61.52,61.52,61.52,59.91,65.77,69.22,67.50,58.19,59.61,60.39,56.38,55.88,56.09,69.29,71.37,71.14,71.04,74.17,76.36,73.13,74.79,73.54,74.64,77.61,77.29,77.29,79.06,79.21,80.04,86.46,81.88,81.88,63.34,68.54,64.27,60.11,63.33,66.15,67.29,68.23,69.90,80.83,92.61,106.98,87.19,68.54,88.18,84.06,78.02
"..REGION VII (CENTRAL VISAYAS)","WHOLE CORN ON THE COB, WHITE, 1 KG",..,..,..,..,..,..,..,..,..,..,..,..,..,..,..,..,..,..,..,..,..,..,..,..,..,..,..,..,..,..,..,..,..,..,..,..,..,..,..,..,..,..,..,..,..,..,..,..,..,..,..,..,..,..,..,..,..,..,..,..
"..REGION VII (CENTRAL VISAYAS)","WHOLE CORN ON THE COB, YELLOW, 1 KG",..,..,..,..,..,..,..,..,..,..,..,..,..,..,..,..,..,..,..,..,..,..,..,..,..,..,..,..,..,..,..,..,..,..,..,..,..,..,..,..,..,..,..,..,..,..,..,..,..,..,..,..,..,..,..,..,..,..,..,..
"..REGION VIII (EASTERN VISAYAS)","RICE, WELL-MILLED, 1 KG",44.64,44.72,44.69,44.98,44.68,44.43,44.66,44.93,45.10,44.97,45.07,44.99,44.93,45.21,45.30,45.34,44.97,44.69,44.94,44.89,44.93,44.67,44.72,44.84,44.69,44.96,44.34,44.42,44.64,44.71,44.85,45.20,44.25,44.88,44.66,45.02,44.98,44.70,45.34,45.37,45.37,45.49,45.70,46.94,53.19,53.76,53.73,55.93,57.55,57.87,57.90,57.77,56.92,56.81,56.81,55.93,56.13,56.23,56.56,56.77
"..REGION VIII (EASTERN VISAYAS)","RICE, REGULAR-MILLED, 1 KG",39.49,39.40,39.46,39.29,38.96,39.11,39.31,39.39,39.69,39.55,39.21,39.14,39.29,39.15,39.10,39.27,39.81,39.66,39.42,39.66,39.86,39.96,39.64,39.75,40.11,40.17,39.60,39.68,40.04,40.35,40.63,40.86,40.93,40.92,40.63,40.90,40.48,40.49,41.26,41.65,41.60,41.59,41.85,42.66,47.92,47.07,47.09,49.55,52.14,52.65,52.57,52.20,51.25,51.09,50.75,49.82,49.89,49.95,50.03,49.75
"..REGION VIII (EASTERN VISAYAS)","RICE, SPECIAL, 1 KG",50.89,50.67,50.60,50.48,50.47,50.33,50.34,50.72,50.65,50.59,50.38,50.72,51.18,52.52,52.51,52.87,53.34,52.87,52.75,53.41,52.95,53.30,53.74,53.94,53.32,53.80,53.75,53.39,53.52,53.56,53.67,53.87,51.68,52.05,52.50,53.28,52.05,53.09,53.46,53.58,53.23,53.17,53.42,53.44,58.76,59.23,59.83,61.54,63.78,63.66,64.56,64.05,63.74,63.88,64.05,63.48,64.08,63.63,63.87,63.96
"..REGION VIII (EASTERN VISAYAS)","CORN GRITS, CORN NATIVE, 1 KG",..,..,..,..,..,..,..,..,..,..,..,..,..,..,..,..,..,..,..,..,..,..,..,..,..,..,..,..,..,..,..,..,..,..,..,..,..,..,..,..,..,..,..,..,..,..,..,..,..,..,..,..,..,..,..,..,..,..,..,..
"..REGION VIII (EASTERN VISAYAS)","CORN GRITS, LOOSE, 1 KG",..,..,..,..,..,..,..,..,..,..,..,..,..,..,..,..,..,..,..,..,..,..,..,..,..,..,..,..,..,..,..,..,..,..,..,..,..,..,..,..,..,..,..,..,..,..,..,..,..,..,..,..,..,..,..,..,..,..,..,..
"..REGION VIII (EASTERN VISAYAS)","CORN GRITS, WHITE, #10, 1 KG",..,..,..,..,..,..,..,..,..,..,..,..,..,..,..,..,..,..,..,..,..,..,..,..,..,..,..,..,..,..,..,..,..,..,..,..,..,..,..,..,..,..,..,..,..,..,..,..,..,..,..,..,..,..,..,..,..,..,..,..
"..REGION VIII (EASTERN VISAYAS)","CORN GRITS, WHITE, #12, 1 KG",..,..,..,..,..,..,..,..,..,..,..,..,..,..,..,..,..,..,..,..,..,..,..,..,..,..,..,..,..,..,..,..,..,..,..,..,..,..,..,..,..,..,..,..,..,..,..,..,..,..,..,..,..,..,..,..,..,..,..,..
"..REGION VIII (EASTERN VISAYAS)","CORN GRITS, WHITE, 1 KG",40.03,40.03,39.38,39.38,39.24,39.24,39.53,39.41,39.41,39.19,39.05,38.98,38.77,38.99,39.05,39.05,39.05,39.38,39.38,39.38,39.38,39.13,39.25,39.88,40.63,41.75,42.08,42.42,42.75,43.17,43.17,43.17,43.25,43.25,42.92,42.92,43.58,43.50,44.17,44.17,44.17,44.17,44.17,44.34,46.34,48.34,50.33,50.50,50.83,51.17,51.67,51.50,49.83,49.00,49.00,49.67,49.84,49.84,49.67,49.42
"..REGION VIII (EASTERN VISAYAS)","CORN GRITS, YELLOW, 1 KG",..,..,..,..,..,..,..,..,..,..,..,..,..,..,..,..,..,..,..,..,..,..,..,..,..,..,..,..,..,..,..,..,..,..,..,..,..,..,..,..,..,..,..,..,..,..,..,..,..,..,..,..,..,..,..,..,..,..,..,..
"..REGION VIII (EASTERN VISAYAS)","CORN, CRACKED, 1 KG",..,..,..,..,..,..,..,..,..,..,..,..,..,..,..,..,..,..,..,..,..,..,..,..,..,..,..,..,..,..,..,..,..,..,..,..,..,..,..,..,..,..,..,..,..,..,..,..,..,..,..,..,..,..,..,..,..,..,..,..
"..REGION VIII (EASTERN VISAYAS)","WHOLE CORN GRAIN, YELLOW, 1 KG",..,..,..,..,..,..,..,..,..,..,..,..,..,..,..,..,..,..,..,..,..,..,..,..,..,..,..,..,..,..,..,..,..,..,..,..,..,..,..,..,..,..,..,..,..,..,..,..,..,..,..,..,..,..,..,..,..,..,..,..
"..REGION VIII (EASTERN VISAYAS)","WHOLE CORN ON THE COB, NATIVE, 1 KG",..,..,..,..,..,..,..,..,..,..,..,..,..,..,..,..,..,..,..,..,..,..,..,..,..,..,..,..,..,..,..,..,..,..,..,..,..,..,..,..,..,..,..,..,..,..,..,..,..,..,..,..,..,..,..,..,..,..,..,..
"..REGION VIII (EASTERN VISAYAS)","WHOLE CORN ON THE COB, SWEET CORN, 1 KG",62.91,62.91,62.91,62.91,62.91,62.91,62.91,62.91,55.15,55.15,55.15,55.15,55.15,55.15,55.15,55.15,55.15,55.15,55.15,55.15,55.15,55.15,55.15,54.79,54.79,55.50,56.22,56.22,56.22,56.22,59.12,59.12,56.50,57.00,62.50,62.50,62.50,62.50,62.50,62.50,62.50,62.50,62.50,62.50,62.50,62.50,63.00,63.20,65.20,65.20,65.20,65.20,65.20,65.20,65.20,65.20,65.70,65.70,65.70,65.70
"..REGION VIII (EASTERN VISAYAS)","WHOLE CORN ON THE COB, WHITE, 1 KG",..,..,..,..,..,..,..,..,..,..,..,..,..,..,..,..,..,..,..,..,..,..,..,..,..,..,..,..,..,..,..,..,..,..,..,..,..,..,..,..,..,..,..,..,..,..,..,..,..,..,..,..,..,..,..,..,..,..,..,..
"..REGION VIII (EASTERN VISAYAS)","WHOLE CORN ON THE COB, YELLOW, 1 KG",..,..,..,..,..,..,..,..,..,..,..,..,..,..,..,..,..,..,..,..,..,..,..,..,..,..,..,..,..,..,..,..,..,..,..,..,..,..,..,..,..,..,..,..,..,..,..,..,..,..,..,..,..,..,..,..,..,..,..,..
"..REGION IX (ZAMBOANGA PENINSULA)","RICE, WELL-MILLED, 1 KG",44.60,44.09,43.10,43.75,44.62,44.69,44.53,44.30,43.22,42.91,41.56,42.20,41.85,42.11,42.17,41.97,41.71,42.43,42.80,42.74,43.24,43.53,43.45,43.93,43.81,43.38,43.26,43.25,43.63,44.06,43.99,43.47,43.27,42.78,42.65,43.00,43.15,42.88,42.98,43.59,44.22,44.42,45.13,48.79,57.03,54.41,55.13,55.93,57.27,57.34,57.70,57.51,56.92,56.92,56.72,56.56,56.37,56.12,55.47,55.42
"..REGION IX (ZAMBOANGA PENINSULA)","RICE, REGULAR-MILLED, 1 KG",42.22,41.49,40.72,41.21,41.94,41.95,42.26,41.77,40.94,39.99,38.53,39.17,39.08,38.88,39.09,38.77,38.61,38.73,38.77,37.73,37.87,38.35,38.41,38.58,38.64,38.74,38.88,39.01,39.25,39.79,39.89,39.79,39.54,39.07,39.11,39.60,39.73,39.73,40.42,40.85,41.68,41.37,41.97,44.96,52.86,48.09,49.34,50.63,51.71,51.64,52.20,51.98,51.63,51.83,51.83,51.96,51.75,51.50,50.48,49.86
"..REGION IX (ZAMBOANGA PENINSULA)","RICE, SPECIAL, 1 KG",49.61,48.90,48.31,49.10,49.54,49.99,50.08,48.90,48.52,47.99,46.91,47.24,47.31,47.43,47.21,47.43,46.97,46.78,47.17,46.61,46.49,46.83,47.59,47.49,47.47,46.87,46.92,47.20,47.18,47.79,47.68,46.84,46.70,46.65,46.70,46.67,47.18,46.45,46.53,47.04,47.85,47.67,48.36,51.36,59.11,57.68,57.89,58.30,59.53,60.22,60.39,59.92,59.46,59.72,59.33,58.92,58.56,58.34,57.73,57.88
"..REGION IX (ZAMBOANGA PENINSULA)","CORN GRITS, CORN NATIVE, 1 KG",..,..,..,..,..,..,..,..,..,..,..,..,..,..,..,..,..,..,..,..,..,..,..,..,..,..,..,..,..,..,..,..,..,..,..,..,..,..,..,..,..,..,..,..,..,..,..,..,..,..,..,..,..,..,..,..,..,..,..,..
"..REGION IX (ZAMBOANGA PENINSULA)","CORN GRITS, LOOSE, 1 KG",..,..,..,..,..,..,..,..,..,..,..,..,..,..,..,..,..,..,..,..,..,..,..,..,..,..,..,..,..,..,..,..,..,..,..,..,..,..,..,..,..,..,..,..,..,..,..,..,..,..,..,..,..,..,..,..,..,..,..,..
"..REGION IX (ZAMBOANGA PENINSULA)","CORN GRITS, WHITE, #10, 1 KG",..,..,..,..,..,..,..,..,..,..,..,..,..,..,..,..,..,..,..,..,..,..,..,..,..,..,..,..,..,..,..,..,..,..,..,..,..,..,..,..,..,..,..,..,..,..,..,..,..,..,..,..,..,..,..,..,..,..,..,..
"..REGION IX (ZAMBOANGA PENINSULA)","CORN GRITS, WHITE, #12, 1 KG",..,..,..,..,..,..,..,..,..,..,..,..,..,..,..,..,..,..,..,..,..,..,..,..,..,..,..,..,..,..,..,..,..,..,..,..,..,..,..,..,..,..,..,..,..,..,..,..,..,..,..,..,..,..,..,..,..,..,..,..
"..REGION IX (ZAMBOANGA PENINSULA)","CORN GRITS, WHITE, 1 KG",28.07,26.92,26.02,27.80,28.91,28.83,28.74,28.36,27.21,25.49,24.32,24.81,23.47,24.76,25.19,29.13,33.73,34.99,37.99,37.43,35.49,35.90,35.86,34.99,35.09,35.02,34.12,34.66,36.48,37.15,37.60,37.90,37.90,37.88,38.46,39.18,38.99,38.56,38.22,38.13,38.46,38.46,39.43,40.78,42.46,42.38,42.71,42.92,42.85,42.51,42.96,43.65,44.03,44.42,45.49,48.74,45.79,42.49,40.22,38.40
"..REGION IX (ZAMBOANGA PENINSULA)","CORN GRITS, YELLOW, 1 KG",27.28,27.30,27.13,27.34,27.73,27.96,27.96,27.95,27.56,27.39,27.08,27.33,27.56,27.86,27.64,28.60,28.59,29.48,30.50,30.50,29.25,29.75,30.00,30.13,30.75,30.59,30.59,31.21,31.92,32.09,32.38,32.88,34.34,34.63,34.71,34.96,36.04,36.04,35.29,35.21,35.04,34.96,34.96,35.04,35.04,35.46,35.54,35.54,36.04,36.13,36.46,37.21,36.29,37.38,38.63,40.09,37.46,35.21,33.42,33.29
"..REGION IX (ZAMBOANGA PENINSULA)","CORN, CRACKED, 1 KG",28.54,29.01,28.69,28.22,28.54,28.54,28.54,28.86,28.86,28.86,28.69,28.86,28.86,29.33,29.33,29.33,29.09,29.18,29.50,29.50,29.00,29.75,29.75,29.75,29.75,30.00,29.75,30.00,31.25,31.25,32.25,33.25,35.50,35.75,35.75,34.75,34.75,34.75,34.75,34.75,34.75,34.75,34.75,34.50,34.75,35.75,34.25,34.25,34.25,34.25,34.00,34.00,34.00,36.00,38.25,39.50,39.25,35.75,34.50,34.50
"..REGION IX (ZAMBOANGA PENINSULA)","WHOLE CORN GRAIN, YELLOW, 1 KG",..,..,..,..,..,..,..,..,..,..,..,..,..,..,..,..,..,..,..,..,..,..,..,..,..,..,..,..,..,..,..,..,..,..,..,..,..,..,..,..,..,..,..,..,..,..,..,..,..,..,..,..,..,..,..,..,..,..,..,..
"..REGION IX (ZAMBOANGA PENINSULA)","WHOLE CORN ON THE COB, NATIVE, 1 KG",..,..,..,..,..,..,..,..,..,..,..,..,..,..,..,..,..,..,..,..,..,..,..,..,..,..,..,..,..,..,..,..,..,..,..,..,..,..,..,..,..,..,..,..,..,..,..,..,..,..,..,..,..,..,..,..,..,..,..,..
"..REGION IX (ZAMBOANGA PENINSULA)","WHOLE CORN ON THE COB, SWEET CORN, 1 KG",..,..,..,..,..,..,..,..,..,..,..,..,..,..,..,..,..,..,..,..,..,..,..,..,..,..,..,..,..,..,..,..,..,..,..,..,..,..,..,..,..,..,..,..,..,..,..,..,..,..,..,..,..,..,..,..,..,..,..,..
"..REGION IX (ZAMBOANGA PENINSULA)","WHOLE CORN ON THE COB, WHITE, 1 KG",..,..,..,..,..,..,..,..,..,..,..,..,..,..,..,..,..,..,..,..,..,..,..,..,..,..,..,..,..,..,..,..,..,..,..,..,..,..,..,..,..,..,..,..,..,..,..,..,..,..,..,..,..,..,..,..,..,..,..,..
"..REGION IX (ZAMBOANGA PENINSULA)","WHOLE CORN ON THE COB, YELLOW, 1 KG",..,..,..,..,..,..,..,..,..,..,..,..,..,..,..,..,..,..,..,..,..,..,..,..,..,..,..,..,..,..,..,..,..,..,..,..,..,..,..,..,..,..,..,..,..,..,..,..,..,..,..,..,..,..,..,..,..,..,..,..
"..REGION X (NORTHERN MINDANAO)","RICE, WELL-MILLED, 1 KG",44.12,43.60,43.09,43.35,43.60,43.47,44.12,43.86,43.92,43.21,43.21,42.32,42.06,42.44,42.32,42.58,42.70,42.58,42.38,42.38,42.46,41.79,41.44,41.10,41.27,41.22,41.43,41.78,42.06,42.40,43.01,42.75,43.00,43.16,43.32,43.17,43.33,43.28,43.42,43.75,44.08,44.08,44.36,47.97,57.20,52.91,52.73,55.43,55.54,57.13,57.20,56.98,56.60,56.52,56.64,56.42,56.65,56.76,56.32,56.56
"..REGION X (NORTHERN MINDANAO)","RICE, REGULAR-MILLED, 1 KG",42.15,41.77,40.64,40.64,40.64,41.01,41.14,40.89,40.64,39.89,39.89,39.50,39.50,40.26,39.89,40.01,39.76,39.50,39.70,39.70,39.36,39.36,38.86,38.52,38.86,39.20,39.33,39.55,39.72,39.96,40.26,40.25,40.70,40.69,41.31,41.53,41.37,41.45,41.42,41.63,41.87,41.89,42.32,44.73,52.56,47.20,47.68,50.08,49.54,51.11,51.95,52.58,52.34,52.51,52.65,52.15,52.16,52.31,51.64,51.95
"..REGION X (NORTHERN MINDANAO)","RICE, SPECIAL, 1 KG",48.51,48.36,48.64,48.78,49.45,50.80,51.21,51.21,50.80,50.67,50.67,50.53,50.39,50.67,50.39,50.25,50.12,49.71,49.64,49.79,48.91,47.82,47.46,46.91,46.18,46.41,46.62,46.92,47.34,47.66,48.06,48.32,48.53,48.31,48.77,49.04,48.37,48.44,48.35,47.81,47.98,48.08,48.45,52.15,62.48,60.69,61.33,62.96,64.18,64.89,63.65,64.68,62.73,62.79,62.58,62.63,63.32,63.08,62.42,61.58
"..REGION X (NORTHERN MINDANAO)","CORN GRITS, CORN NATIVE, 1 KG",..,..,..,..,..,..,..,..,..,..,..,..,..,..,..,..,..,..,..,..,..,..,..,..,..,..,..,..,..,..,..,..,..,..,..,..,..,..,..,..,..,..,..,..,..,..,..,..,..,..,..,..,..,..,..,..,..,..,..,..
"..REGION X (NORTHERN MINDANAO)","CORN GRITS, LOOSE, 1 KG",..,..,..,..,..,..,..,..,..,..,..,..,..,..,..,..,..,..,..,..,..,..,..,..,..,..,..,..,..,..,..,..,..,..,..,..,..,..,..,..,..,..,..,..,..,..,..,..,..,..,..,..,..,..,..,..,..,..,..,..
"..REGION X (NORTHERN MINDANAO)","CORN GRITS, WHITE, #10, 1 KG",21.90,22.15,22.15,23.76,24.20,25.28,24.55,24.55,24.43,24.19,24.19,24.06,24.31,22.75,23.34,25.03,29.48,31.89,32.37,31.78,31.06,31.22,30.57,30.57,31.22,31.22,31.71,32.34,32.77,33.12,33.52,34.25,34.39,34.19,34.36,34.59,35.58,34.87,34.83,34.68,35.21,35.29,35.19,36.29,38.57,38.88,38.67,38.81,38.53,38.11,38.16,38.70,39.32,40.41,41.69,42.24,40.71,40.29,36.47,36.22
"..REGION X (NORTHERN MINDANAO)","CORN GRITS, WHITE, #12, 1 KG",24.60,24.05,23.31,24.60,24.48,25.22,25.52,25.58,24.45,23.45,22.58,22.58,22.58,22.95,24.08,25.08,26.51,27.89,28.54,29.11,29.92,31.33,32.17,32.83,32.17,32.00,31.50,32.33,34.00,34.67,35.00,35.33,35.50,35.67,35.92,36.67,36.33,35.25,35.00,35.25,35.75,36.50,37.50,37.75,39.00,38.00,38.00,37.75,38.25,37.75,38.50,39.00,40.33,41.71,42.75,44.13,44.38,40.63,36.88,35.13
"..REGION X (NORTHERN MINDANAO)","CORN GRITS, WHITE, 1 KG",24.16,23.21,23.68,23.52,26.65,26.53,26.41,26.05,25.70,24.52,24.40,24.63,24.40,24.99,25.11,26.41,26.41,25.58,27.00,27.00,25.82,27.24,27.24,27.24,26.65,26.42,26.48,26.48,26.56,26.12,26.61,26.09,25.92,25.55,26.40,28.17,29.09,29.11,30.04,29.94,29.65,29.65,30.57,30.32,38.09,37.78,38.53,38.09,37.54,37.14,37.68,38.11,38.43,39.57,40.37,41.15,41.28,38.45,36.12,35.60
"..REGION X (NORTHERN MINDANAO)","CORN GRITS, YELLOW, 1 KG",..,..,..,..,..,..,..,..,..,..,..,..,..,..,..,..,..,..,..,..,..,..,..,..,..,..,..,..,..,..,..,..,..,..,..,..,..,..,..,..,..,..,..,..,..,..,..,..,..,..,..,..,..,..,..,..,..,..,..,..
"..REGION X (NORTHERN MINDANAO)","CORN, CRACKED, 1 KG",..,..,..,..,..,..,..,..,..,..,..,..,..,..,..,..,..,..,..,..,..,..,..,..,..,..,..,..,..,..,..,..,..,..,..,..,..,..,..,..,..,..,..,..,..,..,..,..,..,..,..,..,..,..,..,..,..,..,..,..
"..REGION X (NORTHERN MINDANAO)","WHOLE CORN GRAIN, YELLOW, 1 KG",17.07,15.28,15.70,18.12,18.03,19.13,22.70,23.39,23.12,22.98,24.77,24.50,24.50,24.91,25.05,25.19,25.19,25.05,24.50,24.50,24.50,24.50,24.50,24.50,24.50,25.00,24.84,24.84,25.00,25.00,25.09,25.21,25.08,26.19,25.94,26.28,27.65,27.67,26.96,26.96,26.65,26.65,26.59,26.75,31.69,29.94,30.50,31.34,29.53,29.61,29.57,30.11,30.36,31.63,31.14,32.04,32.10,30.38,31.32,31.24
"..REGION X (NORTHERN MINDANAO)","WHOLE CORN ON THE COB, NATIVE, 1 KG",..,..,..,..,..,..,..,..,..,..,..,..,..,..,..,..,..,..,..,..,..,..,..,..,..,..,..,..,..,..,..,..,..,..,..,..,..,..,..,..,..,..,..,..,..,..,..,..,..,..,..,..,..,..,..,..,..,..,..,..
"..REGION X (NORTHERN MINDANAO)","WHOLE CORN ON THE COB, SWEET CORN, 1 KG",62.18,61.89,61.37,58.92,58.92,59.61,59.86,59.86,59.86,59.86,59.86,59.86,59.86,59.86,59.86,59.61,59.61,59.61,59.61,59.61,57.95,57.95,57.95,58.92,58.92,59.24,59.24,59.24,59.09,59.09,60.40,59.74,59.94,60.12,59.29,57.40,56.92,56.66,55.30,55.30,55.06,54.69,54.17,54.03,55.97,56.61,54.95,55.11,53.93,55.59,58.71,59.94,61.05,62.96,66.20,68.00,68.10,63.70,63.12,63.30
"..REGION X (NORTHERN MINDANAO)","WHOLE CORN ON THE COB, WHITE, 1 KG",..,..,..,..,..,..,..,..,..,..,..,..,..,..,..,..,..,..,..,..,..,..,..,..,..,..,..,..,..,..,..,..,..,..,..,..,..,..,..,..,..,..,..,..,..,..,..,..,..,..,..,..,..,..,..,..,..,..,..,..
"..REGION X (NORTHERN MINDANAO)","WHOLE CORN ON THE COB, YELLOW, 1 KG",..,..,..,..,..,..,..,..,..,..,..,..,..,..,..,..,..,..,..,..,..,..,..,..,..,..,..,..,..,..,..,..,..,..,..,..,..,..,..,..,..,..,..,..,..,..,..,..,..,..,..,..,..,..,..,..,..,..,..,..
"..REGION XI (DAVAO REGION)","RICE, WELL-MILLED, 1 KG",41.45,41.10,41.10,45.08,44.97,45.01,44.25,43.79,43.16,42.06,41.24,40.94,40.30,40.45,40.58,41.79,41.76,42.25,42.18,42.75,42.84,42.54,41.93,41.40,41.40,41.86,42.07,42.46,42.78,43.09,42.71,42.40,42.74,42.77,42.66,42.45,42.21,42.42,42.97,43.52,43.80,44.06,44.82,47.21,54.39,52.85,53.60,54.67,56.36,56.94,57.00,56.41,55.80,56.55,56.33,56.52,57.08,56.85,55.89,54.85
"..REGION XI (DAVAO REGION)","RICE, REGULAR-MILLED, 1 KG",37.05,36.62,36.50,39.51,40.06,40.07,39.64,39.37,39.21,37.95,37.31,37.09,36.61,35.81,36.02,37.06,37.53,37.84,37.76,38.74,38.40,38.57,37.06,37.01,37.25,37.28,37.20,38.31,38.72,39.31,39.06,38.88,38.97,39.05,39.14,38.84,38.97,38.89,39.30,39.93,40.32,40.98,41.99,43.80,49.26,47.53,49.71,50.70,52.41,52.84,53.06,52.77,52.52,52.66,52.42,52.93,52.88,52.00,49.88,48.81
"..REGION XI (DAVAO REGION)","RICE, SPECIAL, 1 KG",51.70,52.00,52.23,54.89,54.95,54.11,53.13,52.98,51.98,51.89,49.52,49.40,49.42,48.96,49.57,49.53,49.21,49.70,49.54,50.17,49.41,48.73,49.06,48.91,48.78,49.29,49.04,49.12,49.88,50.73,50.40,50.74,51.12,51.05,51.72,50.90,51.18,51.28,52.04,52.25,52.28,51.76,53.06,55.24,61.35,59.50,59.35,60.10,60.49,60.88,60.76,60.11,60.12,60.01,59.95,60.46,60.42,60.66,59.71,59.21
"..REGION XI (DAVAO REGION)","CORN GRITS, CORN NATIVE, 1 KG",..,..,..,..,..,..,..,..,..,..,..,..,..,..,..,..,..,..,..,..,..,..,..,..,..,..,..,..,..,..,..,..,..,..,..,..,..,..,..,..,..,..,..,..,..,..,..,..,..,..,..,..,..,..,..,..,..,..,..,..
"..REGION XI (DAVAO REGION)","CORN GRITS, LOOSE, 1 KG",..,..,..,..,..,..,..,..,..,..,..,..,..,..,..,..,..,..,..,..,..,..,..,..,..,..,..,..,..,..,..,..,..,..,..,..,..,..,..,..,..,..,..,..,..,..,..,..,..,..,..,..,..,..,..,..,..,..,..,..
"..REGION XI (DAVAO REGION)","CORN GRITS, WHITE, #10, 1 KG",31.80,30.89,30.28,33.67,34.84,34.84,34.84,33.32,32.55,31.49,31.49,31.49,31.33,31.94,33.62,36.66,37.11,38.94,39.40,38.38,36.13,38.38,37.00,34.38,33.00,33.00,32.25,32.63,34.13,35.50,39.25,39.75,39.38,38.75,39.00,39.13,38.63,38.13,37.38,35.75,35.75,37.63,38.50,37.75,39.50,41.63,40.63,40.75,41.38,42.13,42.38,42.88,43.75,46.75,47.63,47.63,47.25,42.50,37.38,31.50
"..REGION XI (DAVAO REGION)","CORN GRITS, WHITE, #12, 1 KG",26.48,25.46,24.63,31.82,34.47,31.75,30.01,29.57,29.62,29.00,28.13,27.40,27.88,28.40,29.29,32.30,32.95,33.15,34.52,36.02,35.60,35.25,34.86,34.96,34.57,34.01,33.64,34.52,34.92,35.75,36.86,37.47,38.28,38.32,39.51,39.48,38.68,38.24,37.43,36.95,37.57,38.60,38.76,38.76,38.90,39.37,39.54,39.34,39.98,39.87,40.06,40.44,44.11,45.54,45.76,46.36,45.05,41.26,36.09,33.62
"..REGION XI (DAVAO REGION)","CORN GRITS, WHITE, 1 KG",..,..,..,..,..,..,..,..,..,..,..,..,..,..,..,..,..,..,..,..,..,..,..,..,..,..,..,..,..,..,..,..,..,..,..,..,..,..,..,..,..,..,..,..,..,..,..,..,..,..,..,..,..,..,..,..,..,..,..,..
"..REGION XI (DAVAO REGION)","CORN GRITS, YELLOW, 1 KG",..,..,..,..,..,..,..,..,..,..,..,..,..,..,..,..,..,..,..,..,..,..,..,..,..,..,..,..,..,..,..,..,..,..,..,..,..,..,..,..,..,..,..,..,..,..,..,..,..,..,..,..,..,..,..,..,..,..,..,..
"..REGION XI (DAVAO REGION)","CORN, CRACKED, 1 KG",..,..,..,..,..,..,..,..,..,..,..,..,..,..,..,..,..,..,..,..,..,..,..,..,..,..,..,..,..,..,..,..,..,..,..,..,..,..,..,..,..,..,..,..,..,..,..,..,..,..,..,..,..,..,..,..,..,..,..,..
"..REGION XI (DAVAO REGION)","WHOLE CORN GRAIN, YELLOW, 1 KG",20.63,21.11,19.85,20.39,21.22,23.37,23.60,23.94,23.65,22.44,19.73,19.73,19.73,19.84,19.73,20.27,20.27,20.27,21.13,21.57,21.67,22.09,22.00,22.17,22.59,23.00,23.17,23.59,24.09,25.34,26.25,27.09,29.42,31.50,28.75,30.00,30.67,30.67,30.38,30.96,30.29,31.34,31.28,30.92,29.90,29.84,28.74,28.92,28.49,28.30,28.45,28.98,29.09,30.04,30.54,31.40,31.10,30.55,30.02,28.39
"..REGION XI (DAVAO REGION)","WHOLE CORN ON THE COB, NATIVE, 1 KG",..,..,..,..,..,..,..,..,..,..,..,..,..,..,..,..,..,..,..,..,..,..,..,..,..,..,..,..,..,..,..,..,..,..,..,..,..,..,..,..,..,..,..,..,..,..,..,..,..,..,..,..,..,..,..,..,..,..,..,..
"..REGION XI (DAVAO REGION)","WHOLE CORN ON THE COB, SWEET CORN, 1 KG",19.92,19.92,24.79,29.51,21.25,19.48,19.48,19.48,19.48,19.48,19.48,19.48,19.48,19.48,19.48,20.54,20.90,21.25,21.25,21.13,20.92,21.67,21.42,21.17,20.34,20.88,20.88,20.88,23.59,25.67,28.88,31.34,46.75,61.00,64.55,61.80,61.50,64.32,67.74,67.80,67.45,67.47,69.65,71.01,70.54,72.75,70.30,71.05,72.93,73.34,73.34,73.03,69.65,73.58,72.85,72.44,71.29,71.17,70.59,69.26
"..REGION XI (DAVAO REGION)","WHOLE CORN ON THE COB, WHITE, 1 KG",..,..,..,..,..,..,..,..,..,..,..,..,..,..,..,..,..,..,..,..,..,..,..,..,..,..,..,..,..,..,..,..,..,..,..,..,..,..,..,..,..,..,..,..,..,..,..,..,..,..,..,..,..,..,..,..,..,..,..,..
"..REGION XI (DAVAO REGION)","WHOLE CORN ON THE COB, YELLOW, 1 KG",31.03,30.41,30.41,30.41,31.03,31.03,31.03,30.41,30.41,30.41,30.41,30.41,29.42,29.42,29.42,29.42,29.79,29.79,29.17,30.00,30.00,30.00,30.00,30.00,31.00,32.67,39.83,41.00,46.67,48.57,53.57,56.91,59.46,65.46,60.68,55.70,56.67,59.17,58.33,60.83,58.33,58.33,54.17,57.50,55.83,45.83,45.83,45.83,45.83,45.83,45.00,45.00,48.33,46.67,46.67,46.67,46.67,43.33,44.17,41.67
"..REGION XII (SOCCSKSARGEN)","RICE, WELL-MILLED, 1 KG",39.07,38.82,38.42,43.31,44.44,44.74,44.78,43.19,42.11,40.48,40.24,40.48,40.02,39.82,40.84,41.59,41.76,41.90,41.80,41.89,41.26,40.83,40.63,40.89,40.67,40.38,40.54,40.99,41.33,41.61,42.06,42.10,40.41,40.08,40.53,40.95,40.90,40.98,41.53,42.26,42.56,43.03,43.74,46.71,49.55,48.71,49.86,52.14,52.95,54.50,54.77,54.48,54.07,53.89,53.95,54.22,53.71,53.17,51.56,51.09
"..REGION XII (SOCCSKSARGEN)","RICE, REGULAR-MILLED, 1 KG",35.99,36.04,35.98,40.59,41.37,41.59,41.69,41.40,39.98,37.61,36.92,36.50,35.68,34.96,35.71,36.69,37.13,37.37,37.57,38.03,37.32,36.59,36.54,36.82,37.19,37.35,37.47,38.08,38.44,38.83,39.11,39.50,38.32,37.89,38.29,38.63,38.53,38.52,38.82,39.64,39.99,40.38,40.91,43.13,45.37,44.01,46.11,47.97,48.89,50.35,51.07,51.01,50.68,50.70,50.89,51.24,50.41,49.71,47.86,47.76
"..REGION XII (SOCCSKSARGEN)","RICE, SPECIAL, 1 KG",45.91,45.74,45.26,48.77,49.29,49.71,49.83,48.89,47.69,46.42,45.81,46.38,46.16,45.51,46.25,46.71,46.77,46.89,46.53,46.59,45.70,45.53,45.28,45.24,45.84,46.36,46.25,46.17,45.57,45.87,46.12,46.15,45.07,44.96,45.23,45.46,45.24,45.09,45.42,45.71,45.86,46.16,46.64,49.64,54.01,54.15,54.82,57.12,57.25,58.97,59.53,59.03,58.67,58.29,57.99,57.94,57.71,57.65,57.16,56.82
"..REGION XII (SOCCSKSARGEN)","CORN GRITS, CORN NATIVE, 1 KG",..,..,..,..,..,..,..,..,..,..,..,..,..,..,..,..,..,..,..,..,..,..,..,..,..,..,..,..,..,..,..,..,..,..,..,..,..,..,..,..,..,..,..,..,..,..,..,..,..,..,..,..,..,..,..,..,..,..,..,..
"..REGION XII (SOCCSKSARGEN)","CORN GRITS, LOOSE, 1 KG",29.57,27.62,27.62,27.62,28.31,30.68,30.26,30.40,29.57,29.29,28.60,28.18,28.45,28.73,28.03,28.60,32.36,32.78,33.20,33.60,33.60,33.60,33.80,33.80,34.40,34.80,34.40,34.80,36.00,36.20,36.80,35.40,37.60,38.20,38.20,38.80,38.20,38.20,38.60,38.20,38.20,38.20,38.20,38.20,38.20,38.20,38.20,37.60,37.60,37.60,37.60,37.60,38.00,38.40,38.40,38.80,38.80,36.60,34.29,33.31
"..REGION XII (SOCCSKSARGEN)","CORN GRITS, WHITE, #10, 1 KG",..,..,..,..,..,..,..,..,..,..,..,..,..,..,..,..,..,..,..,..,..,..,..,..,..,..,..,..,..,..,..,..,..,..,..,..,..,..,..,..,..,..,..,..,..,..,..,..,..,..,..,..,..,..,..,..,..,..,..,..
"..REGION XII (SOCCSKSARGEN)","CORN GRITS, WHITE, #12, 1 KG",29.83,28.56,28.05,33.23,33.92,32.97,30.86,31.04,31.86,31.25,30.15,29.77,30.02,29.76,28.70,32.66,34.07,34.77,34.84,35.28,33.96,33.78,33.46,33.34,32.92,32.61,32.42,34.15,34.96,35.19,37.99,36.25,36.00,36.19,36.19,36.00,35.88,35.19,34.82,35.44,35.57,35.75,36.25,36.88,36.57,36.38,36.25,36.25,36.25,36.25,36.32,36.57,38.03,38.28,38.57,39.63,39.88,36.94,35.75,33.19
"..REGION XII (SOCCSKSARGEN)","CORN GRITS, WHITE, 1 KG",25.45,25.57,25.82,30.80,31.19,30.88,29.36,29.11,28.35,27.59,26.96,26.96,26.96,26.71,26.33,30.77,34.57,35.70,35.83,35.33,35.17,34.83,34.50,33.83,33.67,34.17,33.67,33.67,34.00,34.17,35.75,36.33,37.33,37.67,37.67,37.67,37.17,37.17,37.17,36.83,37.50,36.83,37.00,37.00,38.00,38.00,38.17,38.33,38.33,38.17,38.17,38.67,40.83,41.83,41.83,42.33,40.17,36.00,32.67,31.17
"..REGION XII (SOCCSKSARGEN)","CORN GRITS, YELLOW, 1 KG",24.94,24.94,26.73,27.18,27.63,28.44,28.44,28.44,28.44,28.44,28.04,28.36,28.36,28.36,28.19,28.03,28.76,29.33,29.33,29.33,29.33,29.33,30.00,30.00,30.33,30.33,30.33,30.33,30.33,30.33,30.33,30.33,30.33,30.33,30.33,31.00,31.00,31.67,31.67,31.67,33.67,33.67,33.67,33.67,34.00,34.00,34.00,34.00,34.00,35.00,35.00,33.33,33.33,33.33,35.00,35.00,35.00,35.00,35.00,35.00
"..REGION XII (SOCCSKSARGEN)","CORN, CRACKED, 1 KG",..,..,..,..,..,..,..,..,..,..,..,..,..,..,..,..,..,..,..,..,..,..,..,..,..,..,..,..,..,..,..,..,..,..,..,..,..,..,..,..,..,..,..,..,..,..,..,..,..,..,..,..,..,..,..,..,..,..,..,..
"..REGION XII (SOCCSKSARGEN)","WHOLE CORN GRAIN, YELLOW, 1 KG",..,..,..,..,..,..,..,..,..,..,..,..,..,..,..,..,..,..,..,..,..,..,..,..,..,..,..,..,..,..,..,..,..,..,..,..,..,..,..,..,..,..,..,..,..,..,..,..,..,..,..,..,..,..,..,..,..,..,..,..
"..REGION XII (SOCCSKSARGEN)","WHOLE CORN ON THE COB, NATIVE, 1 KG",..,..,..,..,..,..,..,..,..,..,..,..,..,..,..,..,..,..,..,..,..,..,..,..,..,..,..,..,..,..,..,..,..,..,..,..,..,..,..,..,..,..,..,..,..,..,..,..,..,..,..,..,..,..,..,..,..,..,..,..
"..REGION XII (SOCCSKSARGEN)","WHOLE CORN ON THE COB, SWEET CORN, 1 KG",45.10,42.73,43.83,43.91,42.52,43.97,44.78,44.30,43.08,44.10,43.93,44.78,43.99,45.62,43.26,43.68,44.10,43.42,43.85,43.64,43.10,42.85,42.84,43.11,43.37,43.70,44.54,43.09,43.58,43.95,44.49,46.56,46.44,46.35,46.22,46.44,46.58,46.56,46.53,46.69,46.45,46.02,45.68,44.14,44.45,44.52,44.33,43.83,44.50,44.12,42.66,43.86,45.27,45.84,46.52,46.18,45.41,45.53,46.15,46.14
"..REGION XII (SOCCSKSARGEN)","WHOLE CORN ON THE COB, WHITE, 1 KG",..,..,..,..,..,..,..,..,..,..,..,..,..,..,..,..,..,..,..,..,..,..,..,..,..,..,..,..,..,..,..,..,..,..,..,..,..,..,..,..,..,..,..,..,..,..,..,..,..,..,..,..,..,..,..,..,..,..,..,..
"..REGION XII (SOCCSKSARGEN)","WHOLE CORN ON THE COB, YELLOW, 1 KG",..,..,..,..,..,..,..,..,..,..,..,..,..,..,..,..,..,..,..,..,..,..,..,..,..,..,..,..,..,..,..,..,..,..,..,..,..,..,..,..,..,..,..,..,..,..,..,..,..,..,..,..,..,..,..,..,..,..,..,..
"..REGION XIII (Caraga)","RICE, WELL-MILLED, 1 KG",41.45,41.31,41.62,43.30,43.74,43.70,43.62,44.01,43.30,42.83,42.97,42.21,41.92,41.69,41.89,41.86,42.16,41.70,42.20,42.06,41.97,42.19,42.89,42.91,42.93,42.38,42.34,42.51,42.69,42.95,43.07,43.11,43.56,43.04,43.26,43.07,43.17,43.05,43.24,44.11,44.40,44.67,44.84,47.48,53.72,51.72,52.54,54.03,55.98,56.48,57.01,56.38,55.93,55.59,55.59,55.44,55.08,54.99,54.03,53.95
"..REGION XIII (Caraga)","RICE, REGULAR-MILLED, 1 KG",39.08,38.69,38.52,40.75,41.25,41.54,41.80,41.63,40.82,40.07,40.04,39.72,38.56,38.41,38.30,37.98,38.78,38.46,38.40,37.78,37.71,37.51,37.86,37.80,38.30,39.14,39.13,39.23,38.83,39.33,39.60,39.44,39.28,39.09,39.45,39.55,39.27,38.90,39.28,39.93,40.33,40.37,40.49,43.33,47.72,46.96,47.88,48.90,50.06,51.38,52.20,51.85,51.20,51.57,51.39,51.47,50.17,50.51,48.95,49.01
"..REGION XIII (Caraga)","RICE, SPECIAL, 1 KG",49.07,49.09,48.88,49.24,49.86,49.74,49.86,49.96,49.31,48.34,47.89,47.85,47.77,47.99,47.53,47.22,47.38,46.66,47.36,46.61,46.10,47.62,47.55,47.49,47.98,47.93,47.63,48.03,47.95,48.48,48.43,48.57,48.24,47.61,47.67,47.58,47.64,47.55,47.52,47.98,48.28,48.59,48.68,51.67,58.48,58.18,58.52,59.09,60.54,60.23,61.11,60.45,59.86,59.57,59.57,59.51,59.18,59.30,58.61,58.53
"..REGION XIII (Caraga)","CORN GRITS, CORN NATIVE, 1 KG",33.15,33.04,32.67,35.19,36.24,36.37,36.65,35.67,35.49,35.50,35.24,35.29,34.93,35.35,36.10,37.31,39.54,40.51,42.63,42.88,42.50,42.50,41.57,41.38,40.73,41.63,41.13,41.00,41.63,41.63,43.13,43.38,45.71,45.01,45.07,45.22,45.04,45.98,44.57,44.10,44.16,44.35,43.79,43.75,44.55,44.31,44.82,45.73,45.80,45.52,45.98,46.09,46.00,46.17,48.41,48.90,49.73,49.30,46.68,42.72
"..REGION XIII (Caraga)","CORN GRITS, LOOSE, 1 KG",..,..,..,..,..,..,..,..,..,..,..,..,..,..,..,..,..,..,..,..,..,..,..,..,..,..,..,..,..,..,..,..,..,..,..,..,..,..,..,..,..,..,..,..,..,..,..,..,..,..,..,..,..,..,..,..,..,..,..,..
"..REGION XIII (Caraga)","CORN GRITS, WHITE, #10, 1 KG",..,..,..,..,..,..,..,..,..,..,..,..,..,..,..,..,..,..,..,..,..,..,..,..,..,..,..,..,..,..,..,..,..,..,..,..,..,..,..,..,..,..,..,..,..,..,..,..,..,..,..,..,..,..,..,..,..,..,..,..
"..REGION XIII (Caraga)","CORN GRITS, WHITE, #12, 1 KG",..,..,..,..,..,..,..,..,..,..,..,..,..,..,..,..,..,..,..,..,..,..,..,..,..,..,..,..,..,..,..,..,..,..,..,..,..,..,..,..,..,..,..,..,..,..,..,..,..,..,..,..,..,..,..,..,..,..,..,..
"..REGION XIII (Caraga)","CORN GRITS, WHITE, 1 KG",26.88,26.65,26.09,34.62,34.64,33.70,32.70,31.25,31.54,31.28,31.50,30.70,30.13,31.12,32.01,33.34,35.13,36.73,37.80,38.45,37.62,36.52,36.37,36.65,38.17,39.06,38.09,38.67,38.88,39.16,40.03,40.51,45.82,45.53,45.70,45.45,45.86,46.15,45.99,45.57,45.66,45.78,46.16,46.07,47.11,47.36,47.32,47.41,48.84,49.09,49.35,49.59,49.59,49.89,49.64,50.93,50.78,48.82,47.68,47.11
"..REGION XIII (Caraga)","CORN GRITS, YELLOW, 1 KG",..,..,..,..,..,..,..,..,..,..,..,..,..,..,..,..,..,..,..,..,..,..,..,..,..,..,..,..,..,..,..,..,..,..,..,..,..,..,..,..,..,..,..,..,..,..,..,..,..,..,..,..,..,..,..,..,..,..,..,..
"..REGION XIII (Caraga)","CORN, CRACKED, 1 KG",..,..,..,..,..,..,..,..,..,..,..,..,..,..,..,..,..,..,..,..,..,..,..,..,..,..,..,..,..,..,..,..,..,..,..,..,..,..,..,..,..,..,..,..,..,..,..,..,..,..,..,..,..,..,..,..,..,..,..,..
"..REGION XIII (Caraga)","WHOLE CORN GRAIN, YELLOW, 1 KG",..,..,..,..,..,..,..,..,..,..,..,..,..,..,..,..,..,..,..,..,..,..,..,..,..,..,..,..,..,..,..,..,..,..,..,..,..,..,..,..,..,..,..,..,..,..,..,..,..,..,..,..,..,..,..,..,..,..,..,..
"..REGION XIII (Caraga)","WHOLE CORN ON THE COB, NATIVE, 1 KG",..,..,..,..,..,..,..,..,..,..,..,..,..,..,..,..,..,..,..,..,..,..,..,..,..,..,..,..,..,..,..,..,..,..,..,..,..,..,..,..,..,..,..,..,..,..,..,..,..,..,..,..,..,..,..,..,..,..,..,..
"..REGION XIII (Caraga)","WHOLE CORN ON THE COB, SWEET CORN, 1 KG",..,..,..,..,..,..,..,..,..,..,..,..,..,..,..,..,..,..,..,..,..,..,..,..,..,..,..,..,..,..,..,..,..,..,..,..,..,..,..,..,..,..,..,..,..,..,..,..,..,..,..,..,..,..,..,..,..,..,..,..
"..REGION XIII (Caraga)","WHOLE CORN ON THE COB, WHITE, 1 KG",..,..,..,..,..,..,..,..,..,..,..,..,..,..,..,..,..,..,..,..,..,..,..,..,..,..,..,..,..,..,..,..,..,..,..,..,..,..,..,..,..,..,..,..,..,..,..,..,..,..,..,..,..,..,..,..,..,..,..,..
"..REGION XIII (Caraga)","WHOLE CORN ON THE COB, YELLOW, 1 KG",..,..,..,..,..,..,..,..,..,..,..,..,..,..,..,..,..,..,..,..,..,..,..,..,..,..,..,..,..,..,..,..,..,..,..,..,..,..,..,..,..,..,..,..,..,..,..,..,..,..,..,..,..,..,..,..,..,..,..,..
"..AUTONOMOUS REGION IN MUSLIM MINDANAO (ARMM)","RICE, WELL-MILLED, 1 KG",42.02,41.97,42.01,42.86,43.92,44.45,44.38,44.02,44.05,44.03,43.78,43.85,43.83,43.57,43.58,43.43,43.42,43.51,43.69,45.47,46.37,46.64,47.02,46.24,46.72,46.80,47.51,47.63,47.38,47.75,48.38,48.28,48.37,47.92,47.95,47.75,47.54,47.54,47.83,48.02,48.26,48.64,48.81,50.64,58.31,58.64,56.81,57.23,57.25,58.25,58.56,58.41,57.92,56.80,57.27,56.59,56.32,56.14,56.10,55.73
"..AUTONOMOUS REGION IN MUSLIM MINDANAO (ARMM)","RICE, REGULAR-MILLED, 1 KG",38.48,38.26,38.39,39.07,39.74,39.95,39.73,39.02,39.83,39.60,39.52,39.52,39.24,39.03,39.33,39.21,39.19,39.16,39.49,39.31,40.78,40.43,40.16,39.62,40.03,40.12,40.62,40.63,40.68,40.92,41.34,41.20,41.75,41.47,41.53,41.43,41.71,41.84,41.85,41.92,41.98,42.49,42.71,44.12,51.96,52.57,53.32,52.86,53.15,53.87,54.01,54.38,54.03,53.46,52.80,51.98,52.19,52.00,51.81,52.10
"..AUTONOMOUS REGION IN MUSLIM MINDANAO (ARMM)","RICE, SPECIAL, 1 KG",52.33,52.09,52.18,52.50,53.20,53.43,53.18,52.88,53.11,53.13,52.92,52.97,52.88,53.41,53.47,53.54,53.46,53.35,53.83,55.85,56.55,56.70,56.83,56.51,56.60,56.68,56.70,56.82,56.84,57.01,57.36,57.63,58.06,57.86,57.91,57.72,57.99,57.92,57.59,57.65,58.16,59.08,59.31,60.12,67.23,68.46,66.87,66.98,66.70,67.07,66.82,66.28,65.20,64.49,64.54,63.76,62.52,62.44,62.61,61.90
"..AUTONOMOUS REGION IN MUSLIM MINDANAO (ARMM)","CORN GRITS, CORN NATIVE, 1 KG",..,..,..,..,..,..,..,..,..,..,..,..,..,..,..,..,..,..,..,..,..,..,..,..,..,..,..,..,..,..,..,..,..,..,..,..,..,..,..,..,..,..,..,..,..,..,..,..,..,..,..,..,..,..,..,..,..,..,..,..
"..AUTONOMOUS REGION IN MUSLIM MINDANAO (ARMM)","CORN GRITS, LOOSE, 1 KG",..,..,..,..,..,..,..,..,..,..,..,..,..,..,..,..,..,..,..,..,..,..,..,..,..,..,..,..,..,..,..,..,..,..,..,..,..,..,..,..,..,..,..,..,..,..,..,..,..,..,..,..,..,..,..,..,..,..,..,..
"..AUTONOMOUS REGION IN MUSLIM MINDANAO (ARMM)","CORN GRITS, WHITE, #10, 1 KG",..,..,..,..,..,..,..,..,..,..,..,..,..,..,..,..,..,..,..,..,..,..,..,..,..,..,..,..,..,..,..,..,..,..,..,..,..,..,..,..,..,..,..,..,..,..,..,..,..,..,..,..,..,..,..,..,..,..,..,..
"..AUTONOMOUS REGION IN MUSLIM MINDANAO (ARMM)","CORN GRITS, WHITE, #12, 1 KG",..,..,..,..,..,..,..,..,..,..,..,..,..,..,..,..,..,..,..,..,..,..,..,..,..,..,..,..,..,..,..,..,..,..,..,..,..,..,..,..,..,..,..,..,..,..,..,..,..,..,..,..,..,..,..,..,..,..,..,..
"..AUTONOMOUS REGION IN MUSLIM MINDANAO (ARMM)","CORN GRITS, WHITE, 1 KG",..,..,..,..,..,..,..,..,..,..,..,..,..,..,..,..,..,..,..,..,..,..,..,..,..,..,..,..,..,..,..,..,..,..,..,..,..,..,..,..,..,..,..,..,..,..,..,..,..,..,..,..,..,..,..,..,..,..,..,..
"..AUTONOMOUS REGION IN MUSLIM MINDANAO (ARMM)","CORN GRITS, YELLOW, 1 KG",28.27,28.40,29.26,29.38,29.50,29.88,30.24,30.24,30.49,30.49,30.12,29.69,29.57,29.57,29.57,29.57,29.57,29.50,29.38,29.38,29.38,29.38,29.38,29.38,29.38,29.38,29.24,29.49,29.63,29.63,30.00,30.38,30.31,30.31,30.31,30.94,32.00,32.00,32.00,31.13,31.13,30.50,31.50,31.75,32.25,32.13,31.13,31.63,31.00,30.63,30.13,30.50,30.38,30.38,30.88,30.56,29.63,29.50,29.13,29.00
"..AUTONOMOUS REGION IN MUSLIM MINDANAO (ARMM)","CORN, CRACKED, 1 KG",..,..,..,..,..,..,..,..,..,..,..,..,..,..,..,..,..,..,..,..,..,..,..,..,..,..,..,..,..,..,..,..,..,..,..,..,..,..,..,..,..,..,..,..,..,..,..,..,..,..,..,..,..,..,..,..,..,..,..,..
"..AUTONOMOUS REGION IN MUSLIM MINDANAO (ARMM)","WHOLE CORN GRAIN, YELLOW, 1 KG",..,..,..,..,..,..,..,..,..,..,..,..,..,..,..,..,..,..,..,..,..,..,..,..,..,..,..,..,..,..,..,..,..,..,..,..,..,..,..,..,..,..,..,..,..,..,..,..,..,..,..,..,..,..,..,..,..,..,..,..
"..AUTONOMOUS REGION IN MUSLIM MINDANAO (ARMM)","WHOLE CORN ON THE COB, NATIVE, 1 KG",7.08,7.08,7.71,7.80,7.98,8.23,8.59,8.59,8.59,8.59,8.50,8.33,8.33,8.33,8.33,8.33,8.33,8.33,8.50,8.50,8.50,8.50,8.50,8.50,8.50,8.50,8.88,9.25,9.25,9.25,12.50,10.88,12.26,12.26,12.26,12.26,13.51,13.51,13.25,13.25,13.75,13.00,14.50,14.25,14.75,14.50,14.50,14.50,14.60,14.20,13.60,13.00,12.80,12.80,13.20,12.40,11.80,11.20,11.00,11.00
"..AUTONOMOUS REGION IN MUSLIM MINDANAO (ARMM)","WHOLE CORN ON THE COB, SWEET CORN, 1 KG",..,..,..,..,..,..,..,..,..,..,..,..,..,..,..,..,..,..,..,..,..,..,..,..,..,..,..,..,..,..,..,..,..,..,..,..,..,..,..,..,..,..,..,..,..,..,..,..,..,..,..,..,..,..,..,..,..,..,..,..
"..AUTONOMOUS REGION IN MUSLIM MINDANAO (ARMM)","WHOLE CORN ON THE COB, WHITE, 1 KG",..,..,..,..,..,..,..,..,..,..,..,..,..,..,..,..,..,..,..,..,..,..,..,..,..,..,..,..,..,..,..,..,..,..,..,..,..,..,..,..,..,..,..,..,..,..,..,..,..,..,..,..,..,..,..,..,..,..,..,..
"..AUTONOMOUS REGION IN MUSLIM MINDANAO (ARMM)","WHOLE CORN ON THE COB, YELLOW, 1 KG",..,..,..,..,..,..,..,..,..,..,..,..,..,..,..,..,..,..,..,..,..,..,..,..,..,..,..,..,..,..,..,..,..,..,..,..,..,..,..,..,..,..,..,..,..,..,..,..,..,..,..,..,..,..,..,..,..,..,..,..
